app_id,activity,exp_activity,exp_provider,exp_receiver,exp_service,provider,receiver,service,pct_exp_act,pct_exp_serv,pct_exp_rec,pct_exp_prov
africa.bundle.mobile.app,23.0,1.0,,2.0,2.0,5.0,7.0,10.0,0.04,0.2,0.29,
africa.buycoins.buycoinsx.basic,6.0,2.0,,2.0,1.0,2.0,3.0,7.0,0.33,0.14,0.67,
app.bankowallet.android,32.0,7.0,1.0,8.0,5.0,6.0,11.0,12.0,0.22,0.42,0.73,0.17
app.codecellar.embitwallet,7.0,,,,,2.0,,2.0,,,,
app.elaphant.wallets,63.0,2.0,,4.0,5.0,7.0,13.0,24.0,0.03,0.21,0.31,
app.goodcrypto,16.0,4.0,,2.0,1.0,5.0,7.0,9.0,0.25,0.11,0.29,
app.hodlify,8.0,,,1.0,2.0,,1.0,3.0,,0.67,1.0,
app.odapplications.bitstashwallet,32.0,1.0,,,1.0,2.0,7.0,3.0,0.03,0.33,,
appinventor.ai_Traid777.WALLETBTC,4.0,,,,,1.0,,,,,,
appinventor.ai_mlmsolution88.Troquer,1.0,,,,,1.0,,,,,,
appinventor.ai_oldgoldmen.CryptoWallet,1.0,,,,,1.0,,,,,,
asia.coins.mobile,145.0,1.0,1.0,4.0,,12.0,13.0,16.0,0.01,,0.31,0.08
augstrain.asn,67.0,1.0,1.0,2.0,4.0,7.0,10.0,26.0,0.01,0.15,0.2,0.14
bcc.org.freewallet.app,10.0,2.0,,4.0,1.0,6.0,8.0,7.0,0.2,0.14,0.5,
bcn.org.freewallet.app,10.0,2.0,,4.0,1.0,6.0,8.0,7.0,0.2,0.14,0.5,
bitcoin.twenty.twenty,31.0,,,,,2.0,,2.0,,,,
bitmesh.volt.wallet,11.0,1.0,,2.0,2.0,2.0,3.0,5.0,0.09,0.4,0.67,
blackdollar.bdlr.token.coin,2.0,,,,,1.0,,,,,,
btc.org.freewallet.app,10.0,2.0,,4.0,1.0,6.0,8.0,7.0,0.2,0.14,0.5,
btg.org.freewallet.app,10.0,2.0,,4.0,1.0,6.0,8.0,7.0,0.2,0.14,0.5,
ca.merkley.starter,2.0,,,,,2.0,,,,,,
capital.spatium.wallet,5.0,,,1.0,,1.0,4.0,6.0,,,0.25,
cash.klever.blockchain.wallet,7.0,1.0,,3.0,,6.0,8.0,12.0,0.14,,0.38,
cash.simply.wallet,3.0,,,,,2.0,3.0,,,,,
cash.usdx.wallet,4.0,1.0,,3.0,,4.0,4.0,6.0,0.25,,0.75,
ceyronmoney.ceyronwallet.ceyroncryptowallet.ceyrontoken.ceytoken.ceycoin,6.0,2.0,,,,3.0,1.0,3.0,0.33,,,
co.bacoor.android.hbwallet,5.0,,,3.0,1.0,3.0,10.0,14.0,,0.07,0.3,
co.bacoor.keyring,7.0,1.0,,3.0,1.0,3.0,4.0,8.0,0.14,0.12,0.75,
co.bitx.android.wallet,20.0,3.0,,2.0,3.0,7.0,17.0,21.0,0.15,0.14,0.12,
co.busha.android,16.0,,,1.0,,5.0,4.0,8.0,,,0.25,
co.edgesecure.app,3.0,,,4.0,1.0,6.0,12.0,8.0,,0.12,0.33,
co.ethv2,2.0,,,,,,,,,,,
co.hodlwallet,30.0,,,,,,,1.0,,,,
co.id.dompet.btc.indonesia,42.0,,,2.0,2.0,4.0,8.0,7.0,,0.29,0.25,
co.satoshiwallet.app,5.0,1.0,,4.0,4.0,3.0,10.0,9.0,0.2,0.44,0.4,
cobo.wallet,11.0,4.0,,2.0,2.0,8.0,9.0,9.0,0.36,0.22,0.22,
coin98.crypto.finance.media,12.0,2.0,,1.0,2.0,5.0,8.0,15.0,0.17,0.13,0.12,
com.Android.Inc.bitwallet,72.0,,,,1.0,2.0,1.0,1.0,,1.0,,
com.BitcoinWalletExchange.org,1.0,,,,,,,,,,,
com.Bitplicity.Bitplicityapp,6.0,,,1.0,3.0,1.0,5.0,11.0,,0.27,0.2,
com.CoinsBank.CoinsBank,59.0,,,1.0,,4.0,3.0,9.0,,,0.33,
com.XcelTrip.XcelPay,4.0,,,3.0,1.0,5.0,5.0,11.0,,0.09,0.6,
com.aax.exchange,147.0,4.0,1.0,2.0,1.0,15.0,12.0,16.0,0.03,0.06,0.17,0.07
com.adb.adbcoin,20.0,,,,1.0,2.0,,1.0,,1.0,,
com.agile.walletapp,15.0,,,2.0,1.0,3.0,3.0,4.0,,0.25,0.67,
com.airbitz,5.0,,,,,1.0,3.0,,,,,
com.airwalletofficial.air_wallet,3.0,,,2.0,,1.0,3.0,3.0,,,0.67,
com.allcoinwallet.allcoinwallet,6.0,2.0,,3.0,2.0,5.0,4.0,7.0,0.33,0.29,0.75,
com.alpha.wallet,10.0,,,,,2.0,,,,,,
com.altcoin.wallet,23.0,,,,,3.0,,2.0,,,,
com.androidwallet,60.0,2.0,,2.0,4.0,8.0,10.0,13.0,0.03,0.31,0.2,
com.ankerpay.wallet,40.0,,,,,3.0,,2.0,,,,
com.anxbtc.android,34.0,,,,,,,1.0,,,,
com.app.asbazar59,8.0,,,2.0,2.0,4.0,7.0,13.0,,0.15,0.29,
com.app.belfrics,41.0,2.0,,3.0,3.0,2.0,8.0,12.0,0.05,0.25,0.38,
com.application.bitcoiva,45.0,,,1.0,2.0,2.0,5.0,12.0,,0.17,0.2,
com.application.blocdesk,59.0,1.0,,3.0,3.0,3.0,5.0,9.0,0.02,0.33,0.6,
com.apptrack.coinom,70.0,2.0,,1.0,1.0,6.0,5.0,13.0,0.03,0.08,0.2,
com.aspanta.emcsec,11.0,,,,,,,,,,,
com.atlas.mobile.wallet,2.0,,,,,,1.0,,,,,
com.atomex.android,7.0,1.0,,1.0,,4.0,7.0,6.0,0.14,,0.14,
com.atomicwallet.newapp.safe,1.0,,,,,,,,,,,
com.b4uwallet.android,2.0,,,1.0,,4.0,3.0,7.0,,,0.33,
com.bcoiner.webviewapp,2.0,,,,,,,,,,,
com.beecrypt.beecrypthd,17.0,1.0,1.0,4.0,2.0,6.0,16.0,12.0,0.06,0.17,0.25,0.17
com.binance.dev,367.0,6.0,3.0,4.0,6.0,13.0,19.0,23.0,0.02,0.26,0.21,0.23
com.bit.btcwallet,1.0,,,,,,,,,,,
com.bitazza.android,23.0,,,3.0,1.0,8.0,14.0,15.0,,0.07,0.21,
com.bitbar.androidwallet,1.0,,,,,1.0,,,,,,
com.bitbns,13.0,3.0,,3.0,3.0,9.0,17.0,15.0,0.23,0.2,0.18,
com.bitcoin.mwallet,47.0,,,2.0,3.0,5.0,14.0,14.0,,0.21,0.14,
com.bitcoin.wallet.btc,16.0,,,1.0,2.0,5.0,11.0,14.0,,0.14,0.09,
com.bitcoin.wallet.btc.testnet,22.0,,,2.0,1.0,4.0,11.0,11.0,,0.09,0.18,
com.bitcoin.wallet.cryptopuce,4.0,,,2.0,,2.0,7.0,11.0,,,0.29,
com.bitcoinblack.wallet,4.0,,,1.0,,3.0,1.0,3.0,,,1.0,
com.bitcoinblockchain.suyd,4.0,1.0,,1.0,,1.0,5.0,7.0,0.25,,0.2,
com.bitcoinfast.androidwallet,1.0,,,,,1.0,,,,,,
com.bitcoinglobal,4.0,1.0,,2.0,1.0,5.0,4.0,9.0,0.25,0.11,0.5,
com.bitcoininc.bitcoinpay,2.0,,,,,,,,,,,
com.bitcoinindia.Btciapp,9.0,,,1.0,2.0,4.0,10.0,12.0,,0.17,0.1,
com.bitcoinofamerica.wallet,3.0,,,4.0,1.0,6.0,12.0,8.0,,0.12,0.33,
com.bitcoinscrypt.androidwallet,1.0,,,,,1.0,,,,,,
com.bitexuae,5.0,,,3.0,,2.0,5.0,9.0,,,0.6,
com.bitkub,14.0,,,3.0,,6.0,9.0,19.0,,,0.33,
com.bitlox.mobilewallet,2.0,,,,,2.0,2.0,,,,,
com.bitmart.bitmarket,74.0,1.0,1.0,,1.0,11.0,5.0,10.0,0.01,0.1,,0.09
com.bitnovo.app,67.0,,,2.0,1.0,5.0,10.0,11.0,,0.09,0.2,
com.bitorzo.wallet,5.0,1.0,,1.0,,4.0,1.0,3.0,0.2,,1.0,
com.bitpapa,7.0,,,1.0,1.0,3.0,7.0,15.0,,0.07,0.14,
com.bitpay.coincloud,6.0,3.0,,2.0,2.0,3.0,4.0,8.0,0.5,0.25,0.5,
com.bitpay.wallet,8.0,5.0,,2.0,2.0,3.0,4.0,8.0,0.62,0.25,0.5,
com.bitpie,397.0,,,,,2.0,1.0,3.0,,,,
com.bitrue.currency.exchange,10.0,1.0,,1.0,,6.0,5.0,10.0,0.1,,0.2,
com.bitshield.bitshieldwallet,3.0,,,,,1.0,1.0,,,,,
com.bitso.wallet,49.0,1.0,,2.0,2.0,3.0,7.0,14.0,0.02,0.14,0.29,
com.bitvirya.app,22.0,,,,,2.0,,,,,,
com.bityard.us2,3.0,,,1.0,,,1.0,1.0,,,1.0,
com.bitzapp,5.0,1.0,,2.0,2.0,4.0,4.0,8.0,0.2,0.25,0.5,
com.bitzhash.wallet.bitcoin,11.0,,,,,1.0,,,,,,
com.bixin.bixin_android,290.0,5.0,1.0,2.0,3.0,5.0,10.0,12.0,0.02,0.25,0.2,0.2
com.blockchain.bitcoin.wallet,16.0,,,1.0,2.0,5.0,11.0,14.0,,0.14,0.09,
com.blockchain.wallet.btc,16.0,,,1.0,2.0,6.0,11.0,14.0,,0.14,0.09,
com.blockcloud,3.0,,,,,,,,,,,
com.blockfi.mobile,15.0,1.0,,1.0,1.0,5.0,9.0,7.0,0.07,0.14,0.11,
com.blockfolio.blockfolio,10.0,2.0,,4.0,2.0,11.0,16.0,14.0,0.2,0.14,0.25,
com.blocktrail.mywallet,8.0,3.0,,4.0,2.0,4.0,7.0,11.0,0.38,0.18,0.57,
com.bokucoin.app,18.0,,,,,,,,,,,
com.bolowallet,22.0,,1.0,3.0,,6.0,6.0,8.0,,,0.5,0.17
com.breadwallet,5.0,,,2.0,1.0,5.0,11.0,11.0,,0.09,0.18,
com.btcc.mobiwallet,138.0,3.0,2.0,1.0,2.0,7.0,6.0,10.0,0.02,0.2,0.17,0.29
com.btcontract.wallettest,10.0,,,1.0,1.0,2.0,8.0,5.0,,0.2,0.12,
com.btcturk.pro,49.0,3.0,,2.0,2.0,10.0,19.0,17.0,0.06,0.12,0.11,
com.btuprotocol.btu_wallet,8.0,,,3.0,1.0,3.0,11.0,18.0,,0.06,0.27,
com.buda.crypto,6.0,2.0,,2.0,,5.0,6.0,8.0,0.33,,0.33,
com.burency.app,144.0,3.0,1.0,1.0,1.0,11.0,6.0,12.0,0.02,0.08,0.17,0.09
com.buyucoinApp.buyucoin,7.0,1.0,,2.0,1.0,4.0,8.0,15.0,0.14,0.07,0.25,
com.callsfreecalls.android,32.0,,,3.0,2.0,5.0,18.0,20.0,,0.1,0.17,
com.caramba.RippleWallet,11.0,,1.0,1.0,3.0,7.0,11.0,8.0,,0.38,0.09,0.14
com.caramba.StellarWallet,12.0,1.0,1.0,1.0,3.0,8.0,11.0,8.0,0.08,0.38,0.09,0.12
com.ccwalletapp,3.0,,,3.0,2.0,4.0,4.0,4.0,,0.5,0.75,
com.cobinhood.exchange,54.0,1.0,,3.0,1.0,6.0,11.0,17.0,0.02,0.06,0.27,
com.coinbase.android,17.0,1.0,,3.0,3.0,7.0,14.0,17.0,0.06,0.18,0.21,
com.coinburp.mobile,3.0,1.0,,3.0,,6.0,5.0,7.0,0.33,,0.6,
com.coincorner.app.crypt,5.0,1.0,,1.0,2.0,3.0,4.0,4.0,0.2,0.5,0.25,
com.coindcx,15.0,,,3.0,2.0,6.0,12.0,20.0,,0.1,0.25,
com.coindcx.btc,17.0,,,2.0,1.0,6.0,12.0,22.0,,0.05,0.17,
com.coindeal,14.0,1.0,,1.0,,2.0,3.0,7.0,0.07,,0.33,
com.coinfalcon.mobile,12.0,,,2.0,,8.0,4.0,10.0,,,0.5,
com.coinhako,96.0,1.0,,1.0,2.0,2.0,5.0,10.0,0.01,0.2,0.2,
com.coinlist.trade,4.0,1.0,,2.0,1.0,2.0,11.0,11.0,0.25,0.09,0.18,
com.coinmarket.android,36.0,3.0,1.0,2.0,2.0,14.0,13.0,14.0,0.08,0.14,0.15,0.07
com.coinmotion,7.0,2.0,,1.0,1.0,3.0,3.0,6.0,0.29,0.17,0.33,
com.coinomi.wallet,70.0,2.0,,1.0,1.0,6.0,5.0,13.0,0.03,0.08,0.2,
com.coinorbis.wallet,3.0,,,,,,,,,,,
com.coinpaprika.coins,12.0,,,2.0,,7.0,5.0,8.0,,,0.4,
com.coinpay,5.0,,,1.0,1.0,5.0,10.0,10.0,,0.1,0.1,
com.coinpoket,23.0,,,1.0,,1.0,1.0,2.0,,,1.0,
com.coinspace.app,11.0,2.0,,,1.0,3.0,2.0,1.0,0.18,1.0,,
com.coinspot.app,7.0,2.0,,,1.0,,,1.0,0.29,1.0,,
com.colodax.colodax,3.0,,,1.0,,2.0,3.0,7.0,,,0.33,
com.coolbitx.cwsapp,58.0,2.0,,3.0,2.0,6.0,8.0,12.0,0.03,0.17,0.38,
com.counos,4.0,1.0,,4.0,,3.0,7.0,8.0,0.25,,0.57,
com.credtech,2.0,,,,,,,,,,,
com.cryonik.webview,2.0,,,,,,,,,,,
com.crypter.cryptocyrrency,30.0,2.0,,2.0,2.0,5.0,18.0,15.0,0.07,0.13,0.11,
com.crypterium,19.0,1.0,,2.0,,9.0,6.0,9.0,0.05,,0.33,
com.crypto.multiwallet,7.0,,1.0,,1.0,3.0,2.0,5.0,,0.2,,0.33
com.cryptocurrency.exchange.app.online,1.0,,,,,1.0,,,,,,
com.cryptocurrency.jtechtrade,38.0,7.0,,4.0,2.0,11.0,12.0,21.0,0.18,0.1,0.33,
com.cryptonator.android,8.0,,,1.0,,3.0,3.0,6.0,,,0.33,
com.cryptooriented.exchanges,8.0,,,,,3.0,5.0,7.0,,,,
com.cryptowallet.deviantx,62.0,,,3.0,3.0,3.0,6.0,33.0,,0.09,0.5,
com.cryptowallet.si,23.0,,,,,4.0,,2.0,,,,
com.currency.exchange.prod2,8.0,,,2.0,,4.0,5.0,7.0,,,0.4,
com.cwallet,5.0,1.0,,2.0,1.0,3.0,4.0,12.0,0.2,0.08,0.5,
com.cyberblock.cyberblockmobile,5.0,1.0,,2.0,2.0,1.0,3.0,7.0,0.2,0.29,0.67,
com.czprime,101.0,,,2.0,1.0,4.0,11.0,12.0,,0.08,0.18,
com.dapppocket,3.0,,,2.0,1.0,2.0,3.0,5.0,,0.2,0.67,
com.defi.wallet,9.0,1.0,,2.0,1.0,4.0,12.0,11.0,0.11,0.09,0.17,
com.delieverme,3.0,,,,,1.0,,,,,,
com.digifinex.app,40.0,3.0,,1.0,3.0,8.0,12.0,16.0,0.08,0.19,0.08,
com.dmaxwallet,2.0,,,,,,,,,,,
com.doge.dex,5.0,,,,,1.0,,,,,,
com.dok.wallet,18.0,1.0,,2.0,1.0,5.0,5.0,9.0,0.06,0.11,0.4,
com.dowallet,9.0,3.0,,3.0,,8.0,9.0,11.0,0.33,,0.33,
com.drcrypto.wallet,18.0,1.0,,2.0,1.0,5.0,5.0,9.0,0.06,0.11,0.4,
com.dsdaq.mobiletrader,5.0,,,1.0,,5.0,3.0,7.0,,,0.33,
com.eletac.tronwallet,23.0,2.0,,2.0,2.0,6.0,5.0,12.0,0.09,0.17,0.4,
com.ellipal.wallet,187.0,2.0,1.0,1.0,1.0,4.0,5.0,3.0,0.01,0.33,0.2,0.25
com.elrond.maiar.wallet,51.0,1.0,,3.0,3.0,7.0,15.0,16.0,0.02,0.19,0.2,
com.emberfund.ember,8.0,3.0,,5.0,,3.0,6.0,10.0,0.38,,0.83,
com.enjin.mobile.wallet,5.0,,,2.0,5.0,5.0,4.0,8.0,,0.62,0.5,
com.eofinance,7.0,3.0,,4.0,,5.0,9.0,8.0,0.43,,0.44,
com.erdtoken.android,2.0,,,,,1.0,1.0,,,,,
com.escrowspace,3.0,,,2.0,1.0,3.0,3.0,4.0,,0.25,0.67,
com.ethlimited,4.0,1.0,,,,2.0,,,0.25,,,
com.evercoin,74.0,,,2.0,1.0,4.0,5.0,8.0,,0.12,0.4,
com.evraon.trading,3.0,,1.0,3.0,1.0,2.0,6.0,10.0,,0.1,0.5,0.5
com.exchangily.wallet,6.0,,,,,1.0,1.0,,,,,
com.exmo,19.0,1.0,1.0,2.0,1.0,12.0,17.0,14.0,0.05,0.07,0.12,0.08
com.ezdefi,6.0,,,4.0,2.0,8.0,14.0,15.0,,0.13,0.29,
com.factwallet.crypto.factwallet,14.0,1.0,,,,1.0,,,0.07,,,
com.farhadmarket.app,26.0,1.0,,2.0,2.0,6.0,11.0,25.0,0.04,0.08,0.18,
com.fitbobcat.litecoinplus,2.0,,,,,,,,,,,
com.flashift.flashift,14.0,,,1.0,,1.0,3.0,7.0,,,0.33,
com.flitaa.app,6.0,,,2.0,1.0,3.0,6.0,9.0,,0.11,0.33,
com.fluidcoins.fluidcoins,5.0,1.0,,2.0,1.0,3.0,4.0,9.0,0.2,0.11,0.5,
com.flutter.litebit,13.0,,,2.0,1.0,7.0,7.0,10.0,,0.1,0.29,
com.fluttercoin.androidwallet,1.0,,,,,1.0,,,,,,
com.fox.one,73.0,3.0,1.0,2.0,1.0,5.0,7.0,19.0,0.04,0.05,0.29,0.2
com.friendst.strangr,67.0,1.0,1.0,2.0,4.0,7.0,9.0,24.0,0.01,0.17,0.22,0.14
com.g3shanappz.claimerbox,7.0,2.0,,2.0,2.0,4.0,11.0,10.0,0.29,0.2,0.18,
com.gemini.android.app,21.0,1.0,,3.0,4.0,11.0,17.0,16.0,0.05,0.25,0.18,
com.getchange.wallet.cordova,7.0,,,3.0,3.0,5.0,8.0,12.0,,0.25,0.38,
com.giottus.giottus_mobile,7.0,1.0,,2.0,,5.0,4.0,7.0,0.14,,0.5,
com.greenaddress.greenbits_android_wallet,35.0,,,,,,,1.0,,,,
com.hagglex.hagglex,9.0,,,1.0,,3.0,4.0,7.0,,,0.25,
com.hamrasta.hwallet,2.0,,,2.0,,2.0,3.0,5.0,,,0.67,
com.hconline.iso,221.0,3.0,,3.0,9.0,6.0,8.0,22.0,0.01,0.41,0.38,
com.holacoins.wallet,36.0,,,1.0,1.0,1.0,6.0,11.0,,0.09,0.17,
com.hotbtc.exchange,26.0,6.0,,6.0,1.0,10.0,11.0,20.0,0.23,0.05,0.55,
com.iMe.android,19.0,4.0,1.0,3.0,6.0,5.0,22.0,30.0,0.21,0.2,0.14,0.2
com.idbtec.otppaycrypto,90.0,,,2.0,2.0,4.0,3.0,7.0,,0.29,0.67,
com.incognito.wallet,5.0,2.0,,4.0,,5.0,9.0,8.0,0.4,,0.44,
com.inigma.wallet,3.0,,,,,1.0,,,,,,
com.instantcoins,3.0,,,1.0,,2.0,3.0,7.0,,,0.33,
com.ixx_android,158.0,1.0,,,2.0,4.0,3.0,6.0,0.01,0.33,,
com.jex.trade,93.0,,,,1.0,10.0,,3.0,,0.33,,
com.kesemwalletapp,9.0,,1.0,3.0,2.0,7.0,6.0,10.0,,0.2,0.5,0.14
com.kinesis.kinesisapp,29.0,2.0,,3.0,1.0,4.0,14.0,9.0,0.07,0.11,0.21,
com.kipcoinProject.kipcoinwallet,9.0,,,,,2.0,,1.0,,,,
com.koinkoin,5.0,1.0,,2.0,1.0,3.0,4.0,9.0,0.2,0.11,0.5,
com.koinstrap.koinstrap,27.0,8.0,,5.0,2.0,11.0,13.0,20.0,0.3,0.1,0.38,
com.kr.iotrust.dcent.wallet,7.0,1.0,,1.0,,3.0,3.0,4.0,0.14,,0.33,
com.krypto,5.0,2.0,,3.0,,3.0,4.0,6.0,0.4,,0.75,
com.kubi.kucoin,65.0,2.0,1.0,3.0,2.0,16.0,15.0,23.0,0.03,0.09,0.2,0.06
com.latoken.wallet,90.0,,,3.0,2.0,8.0,6.0,12.0,,0.17,0.5,
com.leadwallet.io,1.0,,,,,2.0,2.0,6.0,,,,
com.legendwd.hyperpayW,603.0,16.0,1.0,1.0,2.0,12.0,12.0,17.0,0.03,0.12,0.08,0.08
com.liberty.jaxx,3.0,,,2.0,,1.0,6.0,9.0,,,0.33,
com.lightning.walletapp,12.0,,,,,1.0,,1.0,,,,
com.lingxi.bexplus,64.0,1.0,,2.0,1.0,6.0,6.0,11.0,0.02,0.09,0.33,
com.litecoinplus.androidwallet,1.0,,,,,1.0,,,,,,
com.lkrcoin.wallet,22.0,,,,,3.0,,2.0,,,,
com.loafwallet,35.0,,,,1.0,3.0,2.0,8.0,,0.12,,
com.lobstr.client,76.0,,,3.0,2.0,9.0,14.0,12.0,,0.17,0.21,
com.lumicollect.android,18.0,,,4.0,,2.0,5.0,5.0,,,0.8,
com.lumiwallet.android,49.0,1.0,,1.0,,1.0,4.0,9.0,0.02,,0.25,
com.luneswallet,2.0,,,,,,,,,,,
com.lynengine.beautycryptowallet,10.0,,,2.0,1.0,2.0,3.0,4.0,,0.25,0.67,
com.magnum.wallet,3.0,,,2.0,1.0,2.0,4.0,3.0,,0.33,0.5,
com.maicoin.max,27.0,8.0,,6.0,1.0,10.0,12.0,22.0,0.3,0.05,0.5,
com.masterbitexpress.wallet,2.0,,,,,,,,,,,
com.matrixport.mark,120.0,3.0,2.0,2.0,1.0,9.0,10.0,11.0,0.02,0.09,0.2,0.22
com.maxxwallet,36.0,,,3.0,3.0,6.0,12.0,12.0,,0.25,0.25,
com.medishares.android,524.0,,,2.0,1.0,3.0,4.0,4.0,,0.25,0.5,
com.mercuryo.app,32.0,1.0,,4.0,1.0,7.0,9.0,9.0,0.03,0.11,0.44,
com.mexcpro.client,119.0,1.0,,1.0,2.0,6.0,16.0,16.0,0.01,0.12,0.06,
com.midasprotocol.wallet.android,74.0,1.0,,1.0,2.0,6.0,11.0,12.0,0.01,0.17,0.09,
com.monederoapp,4.0,,,1.0,,2.0,2.0,4.0,,,0.5,
com.monnos.android,161.0,,,1.0,1.0,8.0,4.0,11.0,,0.09,0.25,
com.mtpelerin.bridge,7.0,1.0,,3.0,1.0,3.0,8.0,14.0,0.14,0.07,0.38,
com.mycelium.wallet,97.0,,1.0,1.0,5.0,5.0,9.0,12.0,,0.42,0.11,0.2
com.mycontainer,4.0,1.0,,3.0,,2.0,4.0,6.0,0.25,,0.75,
com.nakitcoins.wallet,3.0,,,,,1.0,,,,,,
com.neobitcoin.wallet,29.0,6.0,,6.0,1.0,9.0,11.0,20.0,0.21,0.05,0.55,
com.net_cents.netcents2,10.0,,,1.0,,3.0,1.0,1.0,,,1.0,
com.newcurrency.coinstrunk.v1,4.0,,,,1.0,,,1.0,,1.0,,
com.newgo.coincola,94.0,2.0,2.0,7.0,5.0,12.0,23.0,24.0,0.02,0.21,0.3,0.17
com.nexowallet,4.0,1.0,,3.0,,3.0,5.0,8.0,0.25,,0.6,
com.ninjacoin,3.0,,,1.0,2.0,1.0,7.0,8.0,,0.25,0.14,
com.nobillio.coinbaazar,9.0,,,3.0,,6.0,9.0,7.0,,,0.33,
com.node.coindirect,7.0,1.0,,3.0,2.0,3.0,5.0,13.0,0.14,0.15,0.6,
com.nova.dax,10.0,1.0,,3.0,2.0,8.0,9.0,9.0,0.1,0.22,0.33,
com.okinc.okex.gp,421.0,5.0,1.0,3.0,7.0,12.0,15.0,20.0,0.01,0.35,0.2,0.08
com.oracle.wallet,13.0,1.0,,,,3.0,1.0,4.0,0.08,,,
com.ownrwallet.wallet,21.0,2.0,,3.0,1.0,8.0,11.0,17.0,0.1,0.06,0.27,
com.panaeshacapital.pcex,27.0,8.0,,6.0,1.0,10.0,14.0,26.0,0.3,0.04,0.43,
com.paxful.wallet,10.0,1.0,,2.0,1.0,4.0,7.0,10.0,0.1,0.1,0.29,
com.paymintlabs.paymint,6.0,,,,,1.0,1.0,,,,,
com.payperless.wallet,10.0,1.0,,2.0,2.0,6.0,4.0,7.0,0.1,0.29,0.5,
com.payplux,128.0,,,3.0,2.0,3.0,13.0,15.0,,0.13,0.23,
com.payscript,21.0,,,,,2.0,,1.0,,,,
com.paytomat,58.0,2.0,,3.0,,4.0,5.0,8.0,0.03,,0.6,
com.phemex.app,34.0,4.0,2.0,3.0,3.0,15.0,16.0,25.0,0.12,0.12,0.19,0.13
com.pint.app,42.0,1.0,,3.0,1.0,5.0,5.0,6.0,0.02,0.17,0.6,
com.plasmapay.androidapp,39.0,2.0,,1.0,2.0,7.0,11.0,12.0,0.05,0.17,0.09,
com.plunien.poloniex,17.0,,,1.0,,6.0,3.0,10.0,,,0.33,
com.plutus.wallet,157.0,,,1.0,1.0,3.0,5.0,12.0,,0.08,0.2,
com.pointpay.bank,49.0,,,1.0,,3.0,4.0,8.0,,,0.25,
com.polehin.android,8.0,1.0,,3.0,2.0,8.0,5.0,10.0,0.12,0.2,0.6,
com.polispay.copay,4.0,,,2.0,,2.0,7.0,8.0,,,0.29,
com.portto.blocto,48.0,3.0,,1.0,2.0,6.0,14.0,21.0,0.06,0.1,0.07,
com.prizmbit,39.0,1.0,,2.0,1.0,5.0,5.0,11.0,0.03,0.09,0.4,
com.profittrading.forcoinbase,52.0,1.0,,2.0,2.0,3.0,4.0,7.0,0.02,0.29,0.5,
com.ptpwallet,4.0,,,2.0,,3.0,7.0,11.0,,,0.29,
com.pumapay.pumawallet,18.0,1.0,,2.0,1.0,5.0,5.0,9.0,0.06,0.11,0.4,
com.qcan.mobile.bitcoin.wallet,9.0,1.0,,1.0,,2.0,7.0,9.0,0.11,,0.14,
com.qsoft.mybtc,2.0,,,1.0,1.0,1.0,3.0,7.0,,0.14,0.33,
com.quarkonium.qpocket,75.0,2.0,,5.0,8.0,3.0,14.0,25.0,0.03,0.32,0.36,
com.qubris.freecryptofaucet,2.0,,,1.0,,1.0,2.0,2.0,,,0.5,
com.quidax.app,27.0,8.0,,5.0,2.0,11.0,13.0,20.0,0.3,0.1,0.38,
com.quppy,7.0,2.0,,1.0,1.0,5.0,5.0,9.0,0.29,0.11,0.2,
com.raido_wallet,11.0,,,1.0,,3.0,1.0,1.0,,,1.0,
com.remint.app,7.0,2.0,,2.0,1.0,7.0,13.0,13.0,0.29,0.08,0.15,
com.remitano.remitano,18.0,2.0,,4.0,2.0,9.0,16.0,16.0,0.11,0.12,0.25,
com.ripio.android,15.0,2.0,,3.0,2.0,5.0,5.0,12.0,0.13,0.17,0.6,
com.saltlending.mobile,13.0,1.0,,3.0,2.0,7.0,15.0,13.0,0.08,0.15,0.2,
com.savl,8.0,1.0,,1.0,2.0,5.0,5.0,11.0,0.12,0.18,0.2,
com.sculptech.dtrax,5.0,,,2.0,,6.0,9.0,12.0,,,0.22,
com.sencoinex.android,40.0,,,2.0,,4.0,3.0,3.0,,,0.67,
com.shapeshift.droid_shapeshift,6.0,,,2.0,,6.0,10.0,19.0,,,0.2,
com.signkeys.wallet.portfolio,8.0,1.0,,2.0,2.0,6.0,7.0,6.0,0.12,0.33,0.29,
com.silenca.amlsafe,12.0,3.0,,3.0,1.0,6.0,6.0,9.0,0.25,0.11,0.5,
com.silvercoinvaluerpro,14.0,,,1.0,2.0,5.0,12.0,8.0,,0.25,0.08,
com.simple.crypto.wallet,4.0,,,,,1.0,,,,,,
com.sixpencer.simplework,64.0,,,,2.0,8.0,3.0,9.0,,0.22,,
com.sixwallet,5.0,,,3.0,1.0,3.0,4.0,6.0,,0.17,0.75,
com.skycoin.wallet,6.0,,,,,1.0,,,,,,
com.skyewallet.skye_wallet,4.0,,,,,3.0,2.0,6.0,,,,
com.sparkpoint,4.0,,,1.0,2.0,4.0,5.0,9.0,,0.22,0.2,
com.spot.spot,67.0,3.0,,3.0,1.0,6.0,13.0,15.0,0.04,0.07,0.23,
com.stasis.stasiswallet,3.0,,,1.0,,4.0,3.0,8.0,,,0.33,
com.stocksexchange.android,20.0,,,2.0,1.0,5.0,9.0,10.0,,0.1,0.22,
com.studentcoin,5.0,1.0,,2.0,1.0,4.0,4.0,9.0,0.2,0.11,0.5,
com.supremexchange,3.0,,,1.0,,3.0,1.0,,,,1.0,
com.t7.wether,4.0,,,2.0,1.0,2.0,4.0,5.0,,0.2,0.5,
com.theblockchain.coinus.wallet,50.0,1.0,,2.0,1.0,2.0,5.0,10.0,0.02,0.1,0.4,
com.thinkdevs.cryptomarket,16.0,1.0,,2.0,3.0,2.0,5.0,8.0,0.06,0.38,0.4,
com.titan.coin,6.0,,,2.0,,5.0,5.0,8.0,,,0.4,
com.top1.group.international.android,87.0,2.0,1.0,3.0,2.0,8.0,16.0,13.0,0.02,0.15,0.19,0.12
com.trusteewallet,9.0,2.0,,4.0,1.0,7.0,6.0,10.0,0.22,0.1,0.67,
com.valr.app,8.0,2.0,,2.0,1.0,6.0,5.0,10.0,0.25,0.1,0.4,
com.viabtc.pool,136.0,,,,,2.0,4.0,2.0,,,,
com.vidulumwallet.app,1.0,,,,,,,,,,,
com.visionwallet.app,1.0,,,,,,,,,,,
com.wallet.crypto.trustapp,36.0,1.0,1.0,1.0,2.0,9.0,6.0,13.0,0.03,0.15,0.17,0.11
com.wallet.ela,15.0,,,,,2.0,,,,,,
com.whitebit.android,57.0,1.0,,2.0,3.0,5.0,13.0,16.0,0.02,0.19,0.15,
com.wirex,130.0,2.0,,1.0,3.0,8.0,9.0,13.0,0.02,0.23,0.11,
com.wrx.wazirx,61.0,,,3.0,3.0,3.0,8.0,12.0,,0.25,0.38,
com.wswap.wallet,49.0,2.0,,1.0,,4.0,4.0,7.0,0.04,,0.25,
com.xbond.exchange,12.0,,,2.0,1.0,5.0,10.0,5.0,,0.2,0.2,
com.xcoex.mobile,16.0,3.0,,2.0,1.0,6.0,7.0,10.0,0.19,0.1,0.29,
com.xufagroup.cryptowallet,6.0,,,3.0,1.0,2.0,5.0,4.0,,0.25,0.6,
com.yamishibai.easycryptowallet123,3.0,,,,,1.0,,,,,,
com.youhodler.youhodler,19.0,1.0,,2.0,2.0,12.0,14.0,16.0,0.05,0.12,0.14,
com.zelcash.zelcore,5.0,2.0,,,,2.0,2.0,,0.4,,,
com.zenafinance,2.0,,,,,1.0,,,,,,
com.zengo.wallet,19.0,1.0,,2.0,2.0,5.0,10.0,15.0,0.05,0.13,0.2,
com.zipwallet.app,117.0,1.0,,2.0,5.0,6.0,14.0,14.0,0.01,0.36,0.14,
com.zixipay.wallet,3.0,,,,,1.0,,,,,,
crypto.cc.atc,15.0,1.0,,1.0,3.0,1.0,5.0,7.0,0.07,0.43,0.2,
crypto.stars.wallet,31.0,,,,,2.0,,2.0,,,,
crypto.wallet.chainapp,2.0,,,,,3.0,2.0,5.0,,,,
de.fuf.bitbucks,5.0,,,3.0,1.0,5.0,12.0,8.0,,0.12,0.25,
de.langerhans.wallet,12.0,1.0,,,,1.0,2.0,4.0,0.08,,,
de.schildbach.wallet,12.0,1.0,,,,1.0,2.0,4.0,0.08,,,
de.schildbach.wallet.goldcoin,11.0,1.0,,,,3.0,2.0,4.0,0.09,,,
doge.org.freewallet.app,10.0,2.0,,4.0,1.0,6.0,8.0,7.0,0.2,0.14,0.5,
eos.org.freewallet.app,10.0,2.0,,4.0,1.0,6.0,8.0,7.0,0.2,0.14,0.5,
eth.org.freewallet.app,10.0,2.0,,4.0,1.0,6.0,8.0,7.0,0.2,0.14,0.5,
etherio.wallet.com,44.0,,,2.0,1.0,4.0,5.0,7.0,,0.14,0.4,
everex.transfer,9.0,2.0,,3.0,,5.0,6.0,6.0,0.22,,0.5,
exchange.einstein.mobile.release,4.0,1.0,,3.0,1.0,3.0,4.0,4.0,0.25,0.25,0.75,
finance.earna.app,8.0,2.0,,1.0,1.0,1.0,3.0,9.0,0.25,0.11,0.33,
fio.ecoin.wallet,5.0,1.0,,3.0,1.0,2.0,5.0,9.0,0.2,0.11,0.6,
fr.acinq.phoenix.mainnet,3.0,,,2.0,1.0,4.0,11.0,10.0,,0.1,0.18,
gbbit.app.wallet,37.0,,,2.0,,3.0,4.0,9.0,,,0.5,
global.bithumb.android,108.0,,,2.0,6.0,7.0,8.0,17.0,,0.35,0.25,
hodl.group.xrpio,8.0,,,,,3.0,5.0,7.0,,,,
i.brains.pandax,23.0,,,2.0,1.0,3.0,5.0,11.0,,0.09,0.4,
im.status.ethereum,4.0,,,,,2.0,,1.0,,,,
im.token.app,31.0,4.0,,3.0,,10.0,13.0,10.0,0.13,,0.23,
im.token.app99,17.0,,1.0,2.0,1.0,8.0,6.0,4.0,,0.25,0.33,0.12
im.yitoken.app.g2,5.0,,,,,4.0,4.0,,,,,
info.mysecurewallet.wallet,4.0,,,,,,,,,,,
io.atomicwallet,3.0,,,,,1.0,2.0,,,,,
io.bincap.exchange,42.0,,,3.0,1.0,2.0,4.0,8.0,,0.12,0.75,
io.bluewallet.bluewallet,7.0,1.0,,1.0,1.0,6.0,5.0,6.0,0.14,0.17,0.2,
io.bolt.mibwallet,18.0,1.0,,2.0,2.0,3.0,3.0,5.0,0.06,0.4,0.67,
io.cex.app.prod,119.0,1.0,,2.0,2.0,7.0,8.0,13.0,0.01,0.15,0.25,
io.crypto.wallet.bitcoin.ethereum.medooza.wallet,4.0,,,3.0,2.0,1.0,9.0,15.0,,0.13,0.33,
io.deviantcoin.android,23.0,,,,,3.0,,2.0,,,,
io.eidoo.wallet.prodnet,8.0,2.0,,2.0,1.0,6.0,11.0,17.0,0.25,0.06,0.18,
io.eosnova.wallet.android,48.0,,,1.0,,4.0,3.0,8.0,,,0.33,
io.exaking.starter,5.0,,,,,1.0,5.0,8.0,,,,
io.goldwallet.wallet,7.0,1.0,,1.0,2.0,8.0,3.0,7.0,0.14,0.29,0.33,
io.hexawallet.hexa,4.0,,,3.0,1.0,5.0,8.0,10.0,,0.1,0.38,
io.infinito.wallet,7.0,1.0,,4.0,,6.0,6.0,8.0,0.14,,0.67,
io.kompasswallet,8.0,,,2.0,1.0,3.0,4.0,9.0,,0.11,0.5,
io.kriptomat.app,17.0,1.0,,2.0,1.0,8.0,7.0,9.0,0.06,0.11,0.29,
io.melis.clientwallet,2.0,,,,,,,,,,,
io.metamask,7.0,2.0,,2.0,,7.0,4.0,4.0,0.29,,0.5,
io.muun.apollo,36.0,,,2.0,5.0,4.0,12.0,14.0,,0.36,0.17,
io.nash.app,14.0,3.0,,4.0,1.0,7.0,10.0,13.0,0.21,0.08,0.4,
io.rapids.network.wallet,3.0,,,,,2.0,,,,,,
io.rscoins.network,27.0,8.0,,6.0,1.0,10.0,14.0,26.0,0.3,0.04,0.43,
io.safepal.wallet,2.0,,,,,2.0,,,,,,
io.smartholdem.client,1.0,,,,,1.0,,1.0,,,,
io.totalcoin.wallet,98.0,,,1.0,1.0,5.0,5.0,9.0,,0.11,0.2,
io.uun.clet,47.0,,,4.0,3.0,4.0,11.0,19.0,,0.16,0.36,
io.wallet,15.0,,1.0,,3.0,5.0,6.0,5.0,,0.6,,0.2
io.yellowcard.app,2.0,,,,,,,,,,,
it.airgap.vault,2.0,,,,,1.0,3.0,2.0,,,,
it.airgap.wallet,3.0,,,1.0,,2.0,5.0,6.0,,,0.2,
it.inbitcoin.altana,34.0,,,,,1.0,,1.0,,,,
jp.co.smartapp.gowallet,52.0,,1.0,2.0,1.0,6.0,5.0,11.0,,0.09,0.4,0.17
jp.coincheck.android,43.0,1.0,,4.0,2.0,8.0,17.0,17.0,0.02,0.12,0.24,
kr.co.keypair.keywalletTouch,3.0,,,,,1.0,,,,,,
kuna.beta,115.0,,,1.0,1.0,3.0,6.0,6.0,,0.17,0.17,
latoken.kucoin.trustapp.zebpay.coinmarketcap.coindcx,34.0,,,,1.0,4.0,7.0,4.0,,0.25,,
lt.spectrofinance.spectrocoin.android.wallet,7.0,2.0,,,,4.0,2.0,5.0,0.29,,,
ltcc.org.freewallet.app,10.0,2.0,,4.0,1.0,6.0,8.0,7.0,0.2,0.14,0.5,
me.coinpal.app,13.0,1.0,,3.0,2.0,3.0,8.0,10.0,0.08,0.2,0.38,
me.cryptopay.android,56.0,,,3.0,5.0,5.0,16.0,17.0,,0.29,0.19,
mn.godeal.gopay,4.0,1.0,,2.0,2.0,2.0,4.0,7.0,0.25,0.29,0.5,
mw.org.freewallet.app,10.0,2.0,,4.0,1.0,6.0,8.0,7.0,0.2,0.14,0.5,
neo.org.freewallet.app,10.0,2.0,,4.0,1.0,6.0,8.0,7.0,0.2,0.14,0.5,
net.bitbay.bitcoin,20.0,,,3.0,,2.0,5.0,8.0,,,0.6,
net.bitcoinrevolution.bitcoin.cash.wallet,4.0,,,,,1.0,,,,,,
net.bither,71.0,,,,,,2.0,1.0,,,,
net.bitstamp.app,11.0,,,2.0,1.0,5.0,12.0,12.0,,0.08,0.17,
net.coinpayments.coinpaymentsapp,3.0,,,,,2.0,1.0,,,,,
net.ethylyte.com,35.0,,,,,,,,,,,
net.iconomi.android,10.0,,,3.0,,5.0,6.0,7.0,,,0.5,
net.tendancesbitcoin.free.bitcoin.bch.wallet,3.0,,,,,,,,,,,
net.walletharcomia.android,55.0,,,2.0,2.0,4.0,4.0,7.0,,0.29,0.5,
network.celsius.wallet,15.0,3.0,,5.0,2.0,8.0,17.0,16.0,0.2,0.12,0.29,
network.xyo.coin,55.0,5.0,,7.0,6.0,16.0,49.0,42.0,0.09,0.14,0.14,
new.rich.wallet,31.0,,,,,2.0,,2.0,,,,
nxt.org.freewallet.app,10.0,2.0,,4.0,1.0,6.0,8.0,7.0,0.2,0.14,0.5,
one.mixin.messenger,28.0,,,2.0,4.0,5.0,13.0,21.0,,0.19,0.15,
org.bitcoinox.bitcoinoxwallet,2.0,,,2.0,,2.0,3.0,3.0,,,0.67,
org.coinid.vault,3.0,,,,,,,,,,,
org.coinid.wallet.btc,3.0,,,,,2.0,,,,,,
org.coinid.wallet.grs,3.0,,,,,2.0,,,,,,
org.coinid.wallet.tbtc,3.0,,,,,2.0,,,,,,
org.coinid.wallet.tgrs,3.0,,,,,2.0,,,,,,
org.coinid.wallet.xmy,3.0,,,,,2.0,,,,,,
org.coinsence.wallet,3.0,,,,,1.0,2.0,1.0,,,,
org.cryptoblastersltd.bitcoin.wallet.account,4.0,,,,,1.0,,,,,,
org.cryptoforecast.free.bitcoin.cash.wallet.app,3.0,,,,,,,,,,,
org.cryptosignals.bitcoin.free.wallet,3.0,,,,,,,,,,,
org.cryptosignals.bitcoin.free.wallet1,3.0,,,,,,,,,,,
org.cryptosignals.free.bitcoin.cash.wallet,3.0,,,,,,,,,,,
org.deuscoin.wallet,4.0,1.0,,1.0,,1.0,2.0,3.0,0.25,,0.5,
org.electroncash.wallet,7.0,,,,,3.0,,2.0,,,,
org.electrum.electrum,2.0,,,,,,,,,,,
org.guapcoin.multiwallet,4.0,,,2.0,,2.0,3.0,5.0,,,0.67,
org.nativescript.mywallets,5.0,,,2.0,,3.0,3.0,3.0,,,0.67,
org.qbita.bitcoin_wallet,1.0,,,,,1.0,,,,,,
org.strayacoin.bitcoinpos,35.0,,,1.0,1.0,2.0,2.0,5.0,,0.2,0.5,
org.strayacoin.litecoinpos,35.0,,,1.0,1.0,2.0,2.0,5.0,,0.2,0.5,
org.topnetwork.hiwallet,82.0,1.0,,1.0,1.0,5.0,12.0,11.0,0.01,0.09,0.08,
org.toshi,12.0,1.0,,4.0,1.0,5.0,6.0,9.0,0.08,0.11,0.67,
org.tronspace.android,2.0,,,,,2.0,1.0,,,,,
org.walleth,50.0,,,1.0,1.0,4.0,8.0,7.0,,0.14,0.12,
paydeepp.elegro.io,8.0,2.0,,1.0,,2.0,2.0,5.0,0.25,,0.5,
pe.bluemountain419.jungledex,31.0,6.0,,6.0,1.0,6.0,10.0,19.0,0.19,0.05,0.6,
piuk.blockchain.android,44.0,,,1.0,1.0,4.0,3.0,10.0,,0.1,0.33,
pt.ipleiria.estg.dei.yabw,3.0,,,,,,,,,,,
roseon.finance,60.0,3.0,,1.0,1.0,4.0,3.0,10.0,0.05,0.1,0.33,
starlab.studios.cryptowallet,35.0,,,,1.0,2.0,7.0,4.0,,0.25,,
tech.central.ctocoin,14.0,5.0,,2.0,1.0,8.0,9.0,15.0,0.36,0.07,0.22,
tech.vontech.blockchain.jetoken,8.0,,,2.0,2.0,2.0,7.0,12.0,,0.17,0.29,
trx.org.freewallet.app,10.0,2.0,,4.0,1.0,6.0,8.0,7.0,0.2,0.14,0.5,
tw.org.freewallet.app,10.0,2.0,,3.0,1.0,2.0,7.0,7.0,0.2,0.14,0.43,
urubit.uwallet.app,43.0,,,,,4.0,1.0,4.0,,,,
usdt.org.freewallet.app,10.0,2.0,,4.0,1.0,6.0,8.0,7.0,0.2,0.14,0.5,
vip.mytokenpocket,259.0,4.0,2.0,,2.0,10.0,7.0,8.0,0.02,0.25,,0.2
xmr.org.freewallet.app,10.0,2.0,,4.0,1.0,6.0,8.0,7.0,0.2,0.14,0.5,
xrp.org.freewallet.app,10.0,2.0,,4.0,1.0,6.0,8.0,7.0,0.2,0.14,0.5,
za.co.rockwallet,2.0,,,,,,,,,,,
zapsolutions.zap,23.0,,,,,1.0,,,,,,
