file_name,signature,key_length
africa.bundle.mobile.app.apk, SHA256 + RSA, 2048-bit RSA key
africa.buycoins.buycoinsx.basic.apk, SHA256 + RSA, 4096-bit RSA key
app.bitcoin.wallet.apk,error,error
app.goodcrypto.apk, SHA256 + RSA, 4096-bit RSA key
app.hodlify.apk, SHA256 + RSA, 4096-bit RSA key
app.odapplications.bitstashwallet.apk, SHA256 + RSA, 4096-bit RSA key
appinventor.ai_mlmsolution88.Troquer.apk, SHA256 + RSA, 4096-bit RSA key
appinventor.ai_Traid777.WALLETBTC.apk, SHA256 + RSA, 4096-bit RSA key
bitcoin.twenty.twenty.apk, SHA256 + RSA, 4096-bit RSA key
ca.merkley.starter.apk, SHA256 + RSA, 4096-bit RSA key
cash.usdx.wallet.apk, SHA256 + RSA, 4096-bit RSA key
co.bitx.android.wallet.apk, SHA1 + RSA (weak), 1024-bit RSA key (weak)
co.hodlwallet.apk, SHA256 + RSA, 2048-bit RSA key
co.id.dompet.btc.indonesia.apk, SHA256 + RSA, 2048-bit RSA key
com.adb.adbcoin.apk, SHA256 + RSA, 4096-bit RSA key
com.anxbtc.android.apk, SHA256 + RSA, 2048-bit RSA key
com.app.asbazar59.apk, SHA256 + RSA, 2048-bit RSA key
com.app.belfrics.apk, SHA256 + RSA, 4096-bit RSA key
com.application.bitcoiva.apk, SHA256 + RSA, 4096-bit RSA key
com.application.blocdesk.apk, SHA256 + RSA, 4096-bit RSA key
com.apptrack.coinom.apk, SHA256 + RSA, 2048-bit RSA key
com.atomicwallet.newapp.safe.apk, SHA256 + RSA, 4096-bit RSA key
com.bcoiner.webviewapp.apk, SHA1 + RSA (weak), 1024-bit RSA key (weak)
com.bitbns.apk, SHA256 + RSA, 2048-bit RSA key
com.bitcoinglobal.apk, SHA256 + RSA, 4096-bit RSA key
com.bitcoininc.bitcoinpay.apk, SHA256 + RSA, 2048-bit RSA key
com.bitexuae.apk, SHA256 + RSA, 4096-bit RSA key
com.bitkub.apk, SHA256 + RSA, 2048-bit RSA key
com.bitmart.bitmarket.apk, SHA256 + RSA, 2048-bit RSA key
com.bitpay.wallet.apk, SHA256 + RSA, 2048-bit RSA key
com.bitso.wallet.apk, SHA256 + RSA, 2048-bit RSA key
com.bitvirya.app.apk, SHA256 + RSA, 4096-bit RSA key
com.bityard.us2.apk, SHA256 + RSA, 4096-bit RSA key
com.blockcloud.apk, SHA256 + RSA, 4096-bit RSA key
com.blockfi.mobile.apk, SHA256 + RSA, 4096-bit RSA key
com.blockfolio.blockfolio.apk, SHA1 + RSA (weak), 1024-bit RSA key (weak)
com.bokucoin.app.apk, SHA256 + RSA, 4096-bit RSA key
com.btcontract.wallettest.apk, SHA256 + RSA, 4096-bit RSA key
com.btcturk.pro.apk, SHA256 + RSA, 4096-bit RSA key
com.btuprotocol.btu_wallet.apk, SHA256 + RSA, 4096-bit RSA key
com.buda.crypto.apk, SHA256 + RSA, 2048-bit RSA key
com.burency.app.apk, SHA256 + RSA, 4096-bit RSA key
com.caramba.StellarWallet.apk, SHA256 + RSA, 4096-bit RSA key
com.cloudmining.mineresp.apk,error,error
com.cobinhood.exchange.apk, SHA256 + RSA, 2048-bit RSA key
com.coinburp.mobile.apk, SHA256 + RSA, 4096-bit RSA key
com.coindcx.apk, SHA256 + RSA, 4096-bit RSA key
com.coindcx.btc.apk, SHA256 + RSA, 4096-bit RSA key
com.coindeal.apk, SHA256 + RSA, 4096-bit RSA key
com.coinlist.trade.apk, SHA256 + RSA, 4096-bit RSA key
com.coinmarket.android.apk, SHA256 + RSA, 2048-bit RSA key
com.coinmotion.apk, SHA256 + RSA, 4096-bit RSA key
com.coinpaprika.coins.apk, SHA256 + RSA, 2048-bit RSA key
com.coinpay.apk,error,error
com.coinpoket.apk, SHA256 + RSA, 2048-bit RSA key
com.CoinsBank.CoinsBank.apk, SHA256 + RSA, 2048-bit RSA key
com.coinspot.app.apk, SHA256 + RSA, 4096-bit RSA key
com.colodax.colodax.apk, SHA256 + RSA, 4096-bit RSA key
com.coolbitx.cwsapp.apk, SHA256 + RSA, 2048-bit RSA key
com.crypter.cryptocyrrency.apk, SHA256 + RSA, 2048-bit RSA key
com.cryptocurrency.exchange.app.online.apk, SHA256 + RSA, 2048-bit RSA key
com.cryptocurrency.jtechtrade.apk, SHA256 + RSA, 4096-bit RSA key
com.cryptooriented.exchanges.apk, SHA256 + RSA, 4096-bit RSA key
com.currency.exchange.prod2.apk, SHA256 + RSA, 2048-bit RSA key
com.czprime.apk, SHA256 + RSA, 4096-bit RSA key
com.digifinex.app.apk, SHA256 + RSA, 2048-bit RSA key
com.dmaxwallet.apk, SHA256 + RSA, 4096-bit RSA key
com.doge.dex.apk, SHA256 + RSA, 4096-bit RSA key
com.dsdaq.mobiletrader.apk, SHA256 + RSA, 2048-bit RSA key
com.emberfund.ember.apk, SHA256 + RSA, 4096-bit RSA key
com.escrowspace.apk, SHA256 + RSA, 2048-bit RSA key
com.evercoin.apk, SHA256 + RSA, 2048-bit RSA key
com.evraon.trading.apk, SHA256 + RSA, 2048-bit RSA key
com.exmo.apk, SHA256 + RSA, 4096-bit RSA key
com.farhadmarket.app.apk, SHA256 + RSA, 2048-bit RSA key
com.flashift.flashift.apk, SHA256 + RSA, 4096-bit RSA key
com.flitaa.app.apk, SHA256 + RSA, 4096-bit RSA key
com.fluidcoins.fluidcoins.apk, SHA256 + RSA, 4096-bit RSA key
com.flutter.litebit.apk, SHA256 + RSA, 2048-bit RSA key
com.friendst.strangr.apk, SHA256 + RSA, 2048-bit RSA key
com.g3shanappz.claimerbox.apk, SHA256 + RSA, 2048-bit RSA key
com.gemini.android.app.apk, SHA256 + RSA, 2048-bit RSA key
com.giottus.giottus_mobile.apk, SHA256 + RSA, 4096-bit RSA key
com.holacoins.wallet.apk, SHA256 + RSA, 4096-bit RSA key
com.idbtec.otppaycrypto.apk, SHA256 + RSA, 4096-bit RSA key
com.instantcoins.apk, SHA256 + RSA, 4096-bit RSA key
com.ixx_android.apk, SHA256 + RSA, 4096-bit RSA key
com.jex.trade.apk, SHA256 + RSA, 2048-bit RSA key
com.kinesis.kinesisapp.apk, SHA256 + RSA, 4096-bit RSA key
com.koinkoin.apk, SHA256 + RSA, 4096-bit RSA key
com.koinstrap.koinstrap.apk, SHA256 + RSA, 4096-bit RSA key
com.litecoinplus.androidwallet.apk, SHA256 + RSA, 4096-bit RSA key
com.maicoin.max.apk, SHA256 + RSA, 4096-bit RSA key
com.matrixport.mark.apk, SHA256 + RSA, 2048-bit RSA key
com.monnos.android.apk, SHA256 + RSA, 4096-bit RSA key
com.mycontainer.apk, SHA256 + RSA, 4096-bit RSA key
com.nakitcoins.wallet.apk, SHA256 + RSA, 4096-bit RSA key
com.net_cents.netcents2.apk, SHA256 + RSA, 2048-bit RSA key
com.newgo.coincola.apk, SHA256 + RSA, 2048-bit RSA key
com.nexowallet.apk, SHA256 + RSA, 4096-bit RSA key
com.nobillio.coinbaazar.apk, SHA256 + RSA, 4096-bit RSA key
com.node.coindirect.apk, SHA256 + RSA, 4096-bit RSA key
com.nova.dax.apk, SHA256 + RSA, 2048-bit RSA key
com.okinc.okex.gp.apk, SHA256 + RSA, 2048-bit RSA key
com.panaeshacapital.pcex.apk, SHA256 + RSA, 2048-bit RSA key
com.payperless.wallet.apk, SHA256 + RSA, 4096-bit RSA key
com.payplux.apk, SHA256 + RSA, 4096-bit RSA key
com.payscript.apk, SHA256 + RSA, 4096-bit RSA key
com.phemex.app.apk, SHA256 + RSA, 4096-bit RSA key
com.plasmapay.androidapp.apk, SHA256 + RSA, 4096-bit RSA key
com.plunien.poloniex.apk, SHA256 + RSA, 4096-bit RSA key
com.pointpay.bank.apk, SHA256 + RSA, 4096-bit RSA key
com.polispay.copay.apk, SHA256 + RSA, 4096-bit RSA key
com.profittrading.forcoinbase.apk, SHA256 + RSA, 4096-bit RSA key
com.qsoft.mybtc.apk, SHA256 + RSA, 4096-bit RSA key
com.qubris.freecryptofaucet.apk, SHA256 + RSA, 4096-bit RSA key
com.quidax.app.apk, SHA256 + RSA, 4096-bit RSA key
com.remint.app.apk, SHA256 + RSA, 4096-bit RSA key
com.remitano.remitano.apk, SHA256 + RSA, 2048-bit RSA key
com.saltlending.mobile.apk, SHA256 + RSA, 2048-bit RSA key
com.sculptech.dtrax.apk, SHA256 + RSA, 4096-bit RSA key
com.sencoinex.android.apk, SHA256 + RSA, 2048-bit RSA key
com.shapeshift.droid_shapeshift.apk, SHA256 + RSA, 2048-bit RSA key
com.silvercoinvaluerpro.apk, SHA1 + RSA (weak), 1024-bit RSA key (weak)
com.skyewallet.skye_wallet.apk, SHA256 + RSA, 4096-bit RSA key
com.stocksexchange.android.apk, SHA256 + RSA, 4096-bit RSA key
com.studentcoin.apk, SHA256 + RSA, 4096-bit RSA key
com.supremexchange.apk, SHA256 + RSA, 2048-bit RSA key
com.titan.coin.apk, SHA256 + RSA, 4096-bit RSA key
com.viabtc.pool.apk, SHA256 + RSA, 4096-bit RSA key
com.wallet.ela.apk, SHA256 + RSA, 4096-bit RSA key
com.whitebit.android.apk, SHA256 + RSA, 4096-bit RSA key
com.wrx.wazirx.apk, SHA256 + RSA, 2048-bit RSA key
com.wswap.wallet.apk, SHA256 + RSA, 4096-bit RSA key
com.xbond.exchange.apk, SHA256 + RSA, 4096-bit RSA key
com.yamishibai.easycryptowallet123.apk, SHA256 + RSA, 4096-bit RSA key
com.zenafinance.apk, SHA256 + RSA, 4096-bit RSA key
crypto.cc.atc.apk, SHA256 + RSA, 4096-bit RSA key
crypto.wallet.chainapp.apk, SHA256 + RSA, 2048-bit RSA key
de.schildbach.wallet.apk, SHA1 + RSA (weak), 2048-bit RSA key
finance.earna.app.apk, SHA256 + RSA, 4096-bit RSA key
i.brains.pandax.apk, SHA256 + RSA, 4096-bit RSA key
im.yitoken.app.g2.apk, SHA256 + RSA, 4096-bit RSA key
io.bincap.exchange.apk, SHA256 + RSA, 4096-bit RSA key
io.bolt.mibwallet.apk, SHA256 + RSA, 4096-bit RSA key
io.cex.app.prod.apk, SHA256 + RSA, 2048-bit RSA key
io.exaking.starter.apk, SHA256 + RSA, 4096-bit RSA key
io.kriptomat.app.apk, SHA256 + RSA, 4096-bit RSA key
io.metamask.apk, SHA256 + RSA, 4096-bit RSA key
io.nash.app.apk, SHA256 + RSA, 4096-bit RSA key
io.rscoins.network.apk, SHA256 + RSA, 2048-bit RSA key
io.uun.clet.apk, SHA256 + RSA, 4096-bit RSA key
io.wallet.apk, SHA256 + RSA, 4096-bit RSA key
io.yellowcard.app.apk, SHA256 + RSA, 2048-bit RSA key
it.airgap.vault.apk, SHA256 + RSA, 2048-bit RSA key
latoken.kucoin.trustapp.zebpay.coinmarketcap.coindcx.apk, SHA256 + RSA, 4096-bit RSA key
me.coinpal.app.apk, SHA256 + RSA, 4096-bit RSA key
me.cryptopay.android.apk, SHA256 + RSA, 4096-bit RSA key
net.bitbay.bitcoin.apk, SHA256 + RSA, 4096-bit RSA key
net.bitcoinrevolution.bitcoin.cash.wallet.apk, SHA1 + RSA (weak), 2048-bit RSA key
net.bitstamp.app.apk, SHA256 + RSA, 2048-bit RSA key
net.iconomi.android.apk, SHA256 + RSA, 4096-bit RSA key
net.tendancesbitcoin.free.bitcoin.bch.wallet.apk, SHA1 + RSA (weak), 2048-bit RSA key
network.xyo.coin.apk, SHA256 + RSA, 4096-bit RSA key
new.rich.wallet.apk, SHA256 + RSA, 4096-bit RSA key
org.coinid.vault.apk, SHA256 + RSA, 2048-bit RSA key
org.cryptoblastersltd.bitcoin.wallet.account.apk, SHA1 + RSA (weak), 2048-bit RSA key
org.cryptoforecast.free.bitcoin.cash.wallet.app.apk, SHA1 + RSA (weak), 2048-bit RSA key
org.cryptosignals.bitcoin.free.wallet.apk, SHA1 + RSA (weak), 2048-bit RSA key
org.cryptosignals.bitcoin.free.wallet1.apk, SHA1 + RSA (weak), 2048-bit RSA key
org.cryptosignals.free.bitcoin.cash.wallet.apk, SHA1 + RSA (weak), 2048-bit RSA key
org.deuscoin.wallet.apk, SHA256 + RSA, 2048-bit RSA key
org.nativescript.mywallets.apk, SHA256 + RSA, 4096-bit RSA key
org.qbita.bitcoin_wallet.apk, SHA256 + RSA, 4096-bit RSA key
org.strayacoin.bitcoinpos.apk, SHA256 + RSA, 4096-bit RSA key
org.strayacoin.litecoinpos.apk, SHA256 + RSA, 4096-bit RSA key
org.tronspace.android.apk, SHA256 + RSA, 4096-bit RSA key
paydeepp.elegro.io.apk, SHA256 + RSA, 4096-bit RSA key
roseon.finance.apk, SHA256 + RSA, 4096-bit RSA key
starlab.studios.cryptowallet.apk, SHA256 + RSA, 4096-bit RSA key
tech.central.ctocoin.apk, SHA256 + RSA, 4096-bit RSA key
urubit.uwallet.app.apk, SHA256 + RSA, 4096-bit RSA key
com.vidulumwallet.app.apk, SHA256 + RSA, 2048-bit RSA key
com.cryonik.webview.apk, SHA256 + RSA, 4096-bit RSA key
com.Bitplicity.Bitplicityapp.apk, SHA256 + RSA, 4096-bit RSA key
za.co.rockwallet.apk, SHA256 + RSA, 4096-bit RSA key
com.hamrasta.hwallet.apk, SHA256 + RSA, 2048-bit RSA key
hodl.group.xrpio.apk, SHA256 + RSA, 4096-bit RSA key
com.fitbobcat.litecoinplus.apk, SHA256 + RSA, 2048-bit RSA key
com.bitbar.androidwallet.apk, SHA256 + RSA, 4096-bit RSA key
com.fluttercoin.androidwallet.apk, SHA256 + RSA, 4096-bit RSA key
com.bitcoinscrypt.androidwallet.apk, SHA256 + RSA, 4096-bit RSA key
com.bitcoinfast.androidwallet.apk, SHA256 + RSA, 4096-bit RSA key
com.magnum.wallet.apk, SHA256 + RSA, 4096-bit RSA key
pt.ipleiria.estg.dei.yabw.apk, SHA256 + RSA, 4096-bit RSA key
de.schildbach.wallet.goldcoin.apk, SHA256 + RSA, 2048-bit RSA key
com.thinkdevs.cryptomarket.apk, SHA256 + RSA, 4096-bit RSA key
appinventor.ai_oldgoldmen.CryptoWallet.apk, SHA256 + RSA, 2048-bit RSA key
io.crypto.wallet.bitcoin.ethereum.medooza.wallet.apk, SHA256 + RSA, 4096-bit RSA key
com.altcoin.wallet.apk, SHA256 + RSA, 4096-bit RSA key
com.factwallet.crypto.factwallet.apk, SHA256 + RSA, 4096-bit RSA key
com.simple.crypto.wallet.apk, SHA256 + RSA, 4096-bit RSA key
info.mysecurewallet.wallet.apk, SHA256 + RSA, 4096-bit RSA key
org.coinsence.wallet.apk, SHA256 + RSA, 4096-bit RSA key
com.lynengine.beautycryptowallet.apk, SHA256 + RSA, 4096-bit RSA key
com.bitcoin.wallet.cryptopuce.apk, SHA256 + RSA, 4096-bit RSA key
de.langerhans.wallet.apk, SHA256 + RSA, 2048-bit RSA key
net.bither.apk, SHA256 + RSA, 2048-bit RSA key
com.cryptowallet.si.apk, SHA256 + RSA, 4096-bit RSA key
co.ethv2.apk, SHA256 + RSA, 4096-bit RSA key
com.lightning.walletapp.apk, SHA256 + RSA, 4096-bit RSA key
com.visionwallet.app.apk, SHA256 + RSA, 4096-bit RSA key
net.ethylyte.com.apk, SHA256 + RSA, 4096-bit RSA key
com.ankerpay.wallet.apk, SHA256 + RSA, 2048-bit RSA key
com.coinspace.app.apk, SHA256 + RSA, 2048-bit RSA key
gbbit.app.wallet.apk, SHA256 + RSA, 2048-bit RSA key
com.newcurrency.coinstrunk.v1.apk, SHA256 + RSA, 4096-bit RSA key
cash.simply.wallet.apk, SHA256 + RSA, 4096-bit RSA key
com.paytomat.apk, SHA256 + RSA, 4096-bit RSA key
crypto.stars.wallet.apk, SHA256 + RSA, 4096-bit RSA key
eth.org.freewallet.app.apk, SHA256 + RSA, 2048-bit RSA key
nxt.org.freewallet.app.apk, SHA256 + RSA, 2048-bit RSA key
xmr.org.freewallet.app.apk, SHA256 + RSA, 2048-bit RSA key
btc.org.freewallet.app.apk, SHA256 + RSA, 2048-bit RSA key
xrp.org.freewallet.app.apk, SHA256 + RSA, 2048-bit RSA key
com.luneswallet.apk, SHA256 + RSA, 2048-bit RSA key
usdt.org.freewallet.app.apk, SHA256 + RSA, 2048-bit RSA key
io.smartholdem.client.apk, SHA256 + RSA, 4096-bit RSA key
com.caramba.RippleWallet.apk, SHA256 + RSA, 4096-bit RSA key
neo.org.freewallet.app.apk, SHA256 + RSA, 2048-bit RSA key
trx.org.freewallet.app.apk, SHA256 + RSA, 2048-bit RSA key
bcn.org.freewallet.app.apk, SHA256 + RSA, 2048-bit RSA key
eos.org.freewallet.app.apk, SHA256 + RSA, 2048-bit RSA key
ltcc.org.freewallet.app.apk, SHA256 + RSA, 2048-bit RSA key
bcc.org.freewallet.app.apk, SHA256 + RSA, 2048-bit RSA key
tech.vontech.blockchain.jetoken.apk, SHA256 + RSA, 4096-bit RSA key
com.lkrcoin.wallet.apk, SHA256 + RSA, 2048-bit RSA key
btg.org.freewallet.app.apk, SHA256 + RSA, 2048-bit RSA key
app.codecellar.embitwallet.apk, SHA256 + RSA, 2048-bit RSA key
doge.org.freewallet.app.apk, SHA256 + RSA, 2048-bit RSA key
org.walleth.apk, SHA256 + RSA, 4096-bit RSA key
io.melis.clientwallet.apk, SHA256 + RSA, 3072-bit RSA key
com.skycoin.wallet.apk, SHA256 + RSA, 2048-bit RSA key
io.deviantcoin.android.apk, SHA256 + RSA, 4096-bit RSA key
com.kipcoinProject.kipcoinwallet.apk, SHA256 + RSA, 4096-bit RSA key
augstrain.asn.apk, SHA256 + RSA, 4096-bit RSA key
com.bitlox.mobilewallet.apk, SHA256 + RSA, 4096-bit RSA key
com.cryptonator.android.apk, SHA256 + RSA, 4096-bit RSA key
com.bitcoin.wallet.btc.testnet.apk, SHA256 + RSA, 4096-bit RSA key
com.bitzhash.wallet.bitcoin.apk, SHA256 + RSA, 2048-bit RSA key
com.aspanta.emcsec.apk, SHA256 + RSA, 4096-bit RSA key
com.coinorbis.wallet.apk, SHA256 + RSA, 4096-bit RSA key
pe.bluemountain419.jungledex.apk, SHA256 + RSA, 4096-bit RSA key
com.krypto.apk, SHA256 + RSA, 2048-bit RSA key
com.bitcoinblockchain.suyd.apk, SHA256 + RSA, 4096-bit RSA key
com.cwallet.apk, SHA256 + RSA, 4096-bit RSA key
com.delieverme.apk, SHA256 + RSA, 4096-bit RSA key
com.allcoinwallet.allcoinwallet.apk, SHA256 + RSA, 4096-bit RSA key
com.erdtoken.android.apk, SHA256 + RSA, 4096-bit RSA key
io.totalcoin.wallet.apk, SHA256 + RSA, 4096-bit RSA key
com.credtech.apk, SHA256 + RSA, 4096-bit RSA key
io.kompasswallet.apk,error,error
com.bitcoinindia.Btciapp.apk, SHA256 + RSA, 2048-bit RSA key
zapsolutions.zap.apk, SHA384 + RSA, 4096-bit RSA key
com.cryptowallet.deviantx.apk, SHA256 + RSA, 4096-bit RSA key
com.monederoapp.apk, SHA256 + RSA, 4096-bit RSA key
lt.spectrofinance.spectrocoin.android.wallet.apk, SHA256 + RSA, 2048-bit RSA key
everex.transfer.apk, SHA256 + RSA, 2048-bit RSA key
mw.org.freewallet.app.apk, SHA256 + RSA, 2048-bit RSA key
com.alpha.wallet.apk, SHA256 + RSA, 2048-bit RSA key
com.leadwallet.io.apk, SHA256 + RSA, 2048-bit RSA key
com.bitorzo.wallet.apk, SHA256 + RSA, 4096-bit RSA key
com.lingxi.bexplus.apk, SHA256 + RSA, 4096-bit RSA key
com.portto.blocto.apk, SHA256 + RSA, 4096-bit RSA key
com.elrond.maiar.wallet.apk,error,error
com.lumicollect.android.apk, SHA256 + RSA, 2048-bit RSA key
io.eidoo.wallet.prodnet.apk, SHA256 + RSA, 2048-bit RSA key
com.blocktrail.mywallet.apk, SHA256 + RSA, 2048-bit RSA key
com.prizmbit.apk, SHA256 + RSA, 4096-bit RSA key
com.sparkpoint.apk, SHA256 + RSA, 4096-bit RSA key
com.xufagroup.cryptowallet.apk, SHA256 + RSA, 4096-bit RSA key
io.eosnova.wallet.android.apk, SHA256 + RSA, 4096-bit RSA key
com.bolowallet.apk, SHA256 + RSA, 4096-bit RSA key
com.atlas.mobile.wallet.apk, SHA256 + RSA, 2048-bit RSA key
mn.godeal.gopay.apk, SHA256 + RSA, 2048-bit RSA key
com.btcc.mobiwallet.apk, SHA256 + RSA, 4096-bit RSA key
com.zengo.wallet.apk, SHA256 + RSA, 4096-bit RSA key
com.lumiwallet.android.apk, SHA256 + RSA, 4096-bit RSA key
com.maxxwallet.apk, SHA256 + RSA, 4096-bit RSA key
io.atomicwallet.apk, SHA256 + RSA, 4096-bit RSA key
com.masterbitexpress.wallet.apk, SHA256 + RSA, 2048-bit RSA key
com.zixipay.wallet.apk, SHA256 + RSA, 2048-bit RSA key
piuk.blockchain.android.apk, SHA256 + RSA, 2048-bit RSA key
com.zelcash.zelcore.apk, SHA256 + RSA, 4096-bit RSA key
com.quppy.apk, SHA256 + RSA, 4096-bit RSA key
com.sixwallet.apk, SHA256 + RSA, 4096-bit RSA key
de.fuf.bitbucks.apk, SHA256 + RSA, 4096-bit RSA key
com.exchangily.wallet.apk, SHA256 + RSA, 4096-bit RSA key
com.airwalletofficial.air_wallet.apk, SHA256 + RSA, 4096-bit RSA key
com.airbitz.apk, SHA1 + RSA (weak), 1024-bit RSA key (weak)
com.wirex.apk, SHA1 + RSA (weak), 1024-bit RSA key (weak)
com.polehin.android.apk, SHA256 + RSA, 4096-bit RSA key
co.busha.android.apk, SHA256 + RSA, 2048-bit RSA key
com.liberty.jaxx.apk, SHA256 + RSA, 4096-bit RSA key
com.valr.app.apk, SHA256 + RSA, 4096-bit RSA key
com.agile.walletapp.apk, SHA256 + RSA, 4096-bit RSA key
com.cyberblock.cyberblockmobile.apk, SHA256 + RSA, 4096-bit RSA key
com.buyucoinApp.buyucoin.apk, SHA256 + RSA, 4096-bit RSA key
com.hotbtc.exchange.apk, SHA256 + RSA, 4096-bit RSA key
com.ellipal.wallet.apk, SHA256 + RSA, 2048-bit RSA key
com.bitpay.coincloud.apk, SHA256 + RSA, 4096-bit RSA key
com.sixpencer.simplework.apk, SHA256 + RSA, 4096-bit RSA key
com.dapppocket.apk, SHA256 + RSA, 4096-bit RSA key
global.bithumb.android.apk, SHA256 + RSA, 2048-bit RSA key
com.BitcoinWalletExchange.org.apk, SHA1 + RSA (weak), 2048-bit RSA key
com.loafwallet.apk, SHA256 + RSA, 2048-bit RSA key
net.coinpayments.coinpaymentsapp.apk, SHA256 + RSA, 2048-bit RSA key
com.ownrwallet.wallet.apk, SHA256 + RSA, 2048-bit RSA key
one.mixin.messenger.apk, SHA256 + RSA, 4096-bit RSA key
org.electrum.electrum.apk, SHA256 + RSA, 2048-bit RSA key
com.latoken.wallet.apk, SHA256 + RSA, 4096-bit RSA key
com.savl.apk, SHA256 + RSA, 4096-bit RSA key
app.bankowallet.android.apk, SHA1 + RSA (weak), 4096-bit RSA key
bitmesh.volt.wallet.apk, SHA256 + RSA, 4096-bit RSA key
com.ccwalletapp.apk, SHA256 + RSA, 4096-bit RSA key
com.coincorner.app.crypt.apk, SHA256 + RSA, 2048-bit RSA key
com.pint.app.apk, SHA256 + RSA, 4096-bit RSA key
com.defi.wallet.apk, SHA256 + RSA, 4096-bit RSA key
com.bitzapp.apk, SHA256 + RSA, 2048-bit RSA key
blackdollar.bdlr.token.coin.apk, SHA256 + RSA, 4096-bit RSA key
com.inigma.wallet.apk, SHA256 + RSA, 2048-bit RSA key
com.mycelium.wallet.apk, SHA256 + RSA, 2048-bit RSA key
com.stasis.stasiswallet.apk, SHA256 + RSA, 2048-bit RSA key
com.blockchain.bitcoin.wallet.apk,error,error
com.bitcoin.wallet.btc.apk,error,error
com.ptpwallet.apk, SHA256 + RSA, 4096-bit RSA key
com.blockchain.wallet.btc.apk,error,error
org.toshi.apk, SHA256 + RSA, 2048-bit RSA key
com.silenca.amlsafe.apk, SHA256 + RSA, 4096-bit RSA key
com.zipwallet.app.apk, SHA256 + RSA, 2048-bit RSA key
com.paxful.wallet.apk, SHA256 + RSA, 4096-bit RSA key
com.paymintlabs.paymint.apk, SHA256 + RSA, 4096-bit RSA key
com.breadwallet.apk, SHA256 + RSA, 2048-bit RSA key
com.bitcoinblack.wallet.apk, SHA256 + RSA, 2048-bit RSA key
com.ninjacoin.apk, SHA256 + RSA, 4096-bit RSA key
com.signkeys.wallet.portfolio.apk, SHA256 + RSA, 4096-bit RSA key
org.bitcoinox.bitcoinoxwallet.apk, SHA256 + RSA, 4096-bit RSA key
com.Android.Inc.bitwallet.apk, SHA256 + RSA, 4096-bit RSA key
org.guapcoin.multiwallet.apk, SHA256 + RSA, 4096-bit RSA key
com.androidwallet.apk, SHA256 + RSA, 4096-bit RSA key
com.coinfalcon.mobile.apk, SHA256 + RSA, 4096-bit RSA key
com.ripio.android.apk, SHA1 + RSA (weak), 1024-bit RSA key (weak)
co.bacoor.keyring.apk, SHA256 + RSA, 4096-bit RSA key
com.bitnovo.app.apk, SHA256 + RSA, 4096-bit RSA key
com.mercuryo.app.apk, SHA256 + RSA, 2048-bit RSA key
kr.co.keypair.keywalletTouch.apk, SHA256 + RSA, 4096-bit RSA key
com.lobstr.client.apk, SHA256 + RSA, 2048-bit RSA key
io.rapids.network.wallet.apk, SHA256 + RSA, 4096-bit RSA key
com.ethlimited.apk, SHA256 + RSA, 2048-bit RSA key
com.t7.wether.apk, SHA256 + RSA, 4096-bit RSA key
com.qcan.mobile.bitcoin.wallet.apk, SHA256 + RSA, 2048-bit RSA key
co.satoshiwallet.app.apk, SHA256 + RSA, 4096-bit RSA key
com.bit.btcwallet.apk, SHA256 + RSA, 4096-bit RSA key
io.safepal.wallet.apk, SHA256 + RSA, 2048-bit RSA key
com.b4uwallet.android.apk, SHA256 + RSA, 4096-bit RSA key
com.kesemwalletapp.apk, SHA256 + RSA, 4096-bit RSA key
com.kr.iotrust.dcent.wallet.apk, SHA256 + RSA, 4096-bit RSA key
exchange.einstein.mobile.release.apk, SHA256 + RSA, 4096-bit RSA key
com.XcelTrip.XcelPay.apk, SHA256 + RSA, 4096-bit RSA key
com.enjin.mobile.wallet.apk, SHA256 + RSA, 4096-bit RSA key
tw.org.freewallet.app.apk, SHA256 + RSA, 2048-bit RSA key
com.getchange.wallet.cordova.apk, SHA256 + RSA, 4096-bit RSA key
com.wallet.crypto.trustapp.apk, SHA256 + RSA, 4096-bit RSA key
com.fox.one.apk, SHA256 + RSA, 2048-bit RSA key
com.dowallet.apk, SHA256 + RSA, 4096-bit RSA key
com.crypto.multiwallet.apk, SHA256 + RSA, 4096-bit RSA key
org.topnetwork.hiwallet.apk, SHA256 + RSA, 2048-bit RSA key
etherio.wallet.com.apk, SHA256 + RSA, 4096-bit RSA key
com.coinbase.android.apk, SHA1 + RSA (weak), 2048-bit RSA key
fr.acinq.phoenix.mainnet.apk, SHA384 + RSA, 4096-bit RSA key
org.coinid.wallet.tbtc.apk, SHA256 + RSA, 2048-bit RSA key
org.coinid.wallet.tgrs.apk, SHA256 + RSA, 2048-bit RSA key
org.coinid.wallet.btc.apk, SHA256 + RSA, 2048-bit RSA key
org.coinid.wallet.grs.apk, SHA256 + RSA, 2048-bit RSA key
org.coinid.wallet.xmy.apk, SHA256 + RSA, 2048-bit RSA key
com.eofinance.apk, SHA256 + RSA, 2048-bit RSA key
org.electroncash.wallet.apk, SHA256 + RSA, 2048-bit RSA key
cash.klever.blockchain.wallet.apk, SHA256 + RSA, 4096-bit RSA key
io.goldwallet.wallet.apk, SHA256 + RSA, 4096-bit RSA key
it.inbitcoin.altana.apk, SHA256 + RSA, 2048-bit RSA key
com.top1.group.international.android.apk, SHA256 + RSA, 2048-bit RSA key
com.bitrue.currency.exchange.apk, SHA256 + RSA, 4096-bit RSA key
com.xcoex.mobile.apk, SHA256 + RSA, 2048-bit RSA key
jp.coincheck.android.apk, SHA1 + RSA (weak), 1024-bit RSA key (weak)
com.counos.apk, SHA256 + RSA, 4096-bit RSA key
ceyronmoney.ceyronwallet.ceyroncryptowallet.ceyrontoken.ceytoken.ceycoin.apk, SHA256 + RSA, 4096-bit RSA key
com.atomex.android.apk, SHA256 + RSA, 4096-bit RSA key
com.raido_wallet.apk, SHA256 + RSA, 4096-bit RSA key
com.bitcoinofamerica.wallet.apk, SHA256 + RSA, 4096-bit RSA key
com.bixin.bixin_android.apk, SHA256 + RSA, 2048-bit RSA key
com.coinomi.wallet.apk, SHA256 + RSA, 4096-bit RSA key
net.walletharcomia.android.apk, SHA256 + RSA, 4096-bit RSA key
io.muun.apollo.apk, SHA256 + RSA, 2048-bit RSA key
com.bitazza.android.apk, SHA256 + RSA, 2048-bit RSA key
capital.spatium.wallet.apk, SHA256 + RSA, 4096-bit RSA key
com.oracle.wallet.apk, SHA256 + RSA, 4096-bit RSA key
co.edgesecure.app.apk, SHA256 + RSA, 2048-bit RSA key
com.hagglex.hagglex.apk, SHA256 + RSA, 4096-bit RSA key
com.bitpapa.apk, SHA256 + RSA, 4096-bit RSA key
io.hexawallet.hexa.apk, SHA256 + RSA, 4096-bit RSA key
kuna.beta.apk, SHA256 + RSA, 4096-bit RSA key
com.callsfreecalls.android.apk, SHA1 + RSA (weak), 1024-bit RSA key (weak)
vip.mytokenpocket.apk, SHA256 + RSA, 2048-bit RSA key
com.beecrypt.beecrypthd.apk, SHA256 + RSA, 2048-bit RSA key
im.token.app99.apk, SHA256 + RSA, 2048-bit RSA key
com.incognito.wallet.apk, SHA256 + RSA, 2048-bit RSA key
com.youhodler.youhodler.apk, SHA256 + RSA, 4096-bit RSA key
com.neobitcoin.wallet.apk, SHA256 + RSA, 2048-bit RSA key
com.bitcoin.mwallet.apk, SHA256 + RSA, 4096-bit RSA key
cobo.wallet.apk, SHA256 + RSA, 4096-bit RSA key
com.kubi.kucoin.apk, SHA256 + RSA, 4096-bit RSA key
com.coinhako.apk, SHA256 + RSA, 2048-bit RSA key
im.token.app.apk, SHA256 + RSA, 2048-bit RSA key
com.plutus.wallet.apk, SHA256 + RSA, 2048-bit RSA key
com.medishares.android.apk, SHA256 + RSA, 4096-bit RSA key
com.trusteewallet.apk, SHA256 + RSA, 4096-bit RSA key
com.ezdefi.apk, SHA256 + RSA, 4096-bit RSA key
com.crypterium.apk, SHA256 + RSA, 2048-bit RSA key
co.bacoor.android.hbwallet.apk, SHA256 + RSA, 4096-bit RSA key
com.theblockchain.coinus.wallet.apk, SHA256 + RSA, 4096-bit RSA key
com.bitpie.apk, SHA256 + RSA, 2048-bit RSA key
io.bluewallet.bluewallet.apk, SHA256 + RSA, 4096-bit RSA key
com.dok.wallet.apk, SHA256 + RSA, 4096-bit RSA key
com.pumapay.pumawallet.apk, SHA256 + RSA, 2048-bit RSA key
com.drcrypto.wallet.apk, SHA256 + RSA, 4096-bit RSA key
com.iMe.android.apk, SHA256 + RSA, 4096-bit RSA key
com.mexcpro.client.apk, SHA256 + RSA, 4096-bit RSA key
coin98.crypto.finance.media.apk, SHA256 + RSA, 4096-bit RSA key
com.aax.exchange.apk, SHA256 + RSA, 4096-bit RSA key
io.infinito.wallet.apk, SHA256 + RSA, 4096-bit RSA key
com.bitshield.bitshieldwallet.apk, SHA256 + RSA, 4096-bit RSA key
com.spot.spot.apk, SHA256 + RSA, 4096-bit RSA key
asia.coins.mobile.apk, SHA256 + RSA, 2048-bit RSA key
com.hconline.iso.apk, SHA256 + RSA, 2048-bit RSA key
it.airgap.wallet.apk, SHA256 + RSA, 2048-bit RSA key
com.midasprotocol.wallet.android.apk, SHA256 + RSA, 4096-bit RSA key
com.greenaddress.greenbits_android_wallet.apk, SHA256 + RSA, 2048-bit RSA key
com.mtpelerin.bridge.apk, SHA256 + RSA, 4096-bit RSA key
im.status.ethereum.apk, SHA256 + RSA, 2048-bit RSA key
com.binance.dev.apk, SHA256 + RSA, 2048-bit RSA key
fio.ecoin.wallet.apk, SHA256 + RSA, 4096-bit RSA key
network.celsius.wallet.apk, SHA256 + RSA, 4096-bit RSA key
app.elaphant.wallets.apk, SHA256 + RSA, 4096-bit RSA key
com.eletac.tronwallet.apk, SHA256 + RSA, 4096-bit RSA key
com.legendwd.hyperpayW.apk, SHA256 + RSA, 2048-bit RSA key
com.quarkonium.qpocket.apk, SHA256 + RSA, 2048-bit RSA key
jp.co.smartapp.gowallet.apk, SHA256 + RSA, 4096-bit RSA key
