,Unnamed: 0,app_id,permission,level
178,178,com.app.asbazar59,com.sec.android.provider.badge.permission.READ,customized
179,179,com.app.asbazar59,com.sec.android.provider.badge.permission.WRITE,customized
182,182,com.app.asbazar59,com.sonyericsson.home.permission.BROADCAST_BADGE,customized
183,183,com.app.asbazar59,com.sonymobile.home.permission.PROVIDER_INSERT_BADGE,customized
185,185,com.app.asbazar59,com.majeur.launcher.permission.UPDATE_BADGE,customized
186,186,com.app.asbazar59,com.huawei.android.launcher.permission.CHANGE_BADGE,customized
189,189,com.app.asbazar59,android.permission.READ_APP_BADGE,customized
192,192,com.app.asbazar59,me.everything.badger.permission.BADGE_COUNT_READ,customized
193,193,com.app.asbazar59,me.everything.badger.permission.BADGE_COUNT_WRITE,customized
290,290,com.bitbns,com.sec.android.provider.badge.permission.READ,customized
291,291,com.bitbns,com.sec.android.provider.badge.permission.WRITE,customized
294,294,com.bitbns,com.sonyericsson.home.permission.BROADCAST_BADGE,customized
295,295,com.bitbns,com.sonymobile.home.permission.PROVIDER_INSERT_BADGE,customized
297,297,com.bitbns,com.majeur.launcher.permission.UPDATE_BADGE,customized
298,298,com.bitbns,com.huawei.android.launcher.permission.CHANGE_BADGE,customized
301,301,com.bitbns,android.permission.READ_APP_BADGE,customized
304,304,com.bitbns,me.everything.badger.permission.BADGE_COUNT_READ,customized
305,305,com.bitbns,me.everything.badger.permission.BADGE_COUNT_WRITE,customized
362,362,com.bitkub,com.sec.android.provider.badge.permission.READ,customized
363,363,com.bitkub,com.sec.android.provider.badge.permission.WRITE,customized
366,366,com.bitkub,com.sonyericsson.home.permission.BROADCAST_BADGE,customized
367,367,com.bitkub,com.sonymobile.home.permission.PROVIDER_INSERT_BADGE,customized
369,369,com.bitkub,com.majeur.launcher.permission.UPDATE_BADGE,customized
370,370,com.bitkub,com.huawei.android.launcher.permission.CHANGE_BADGE,customized
373,373,com.bitkub,android.permission.READ_APP_BADGE,customized
376,376,com.bitkub,me.everything.badger.permission.BADGE_COUNT_READ,customized
377,377,com.bitkub,me.everything.badger.permission.BADGE_COUNT_WRITE,customized
489,489,com.blockfolio.blockfolio,com.sec.android.provider.badge.permission.READ,customized
490,490,com.blockfolio.blockfolio,com.sec.android.provider.badge.permission.WRITE,customized
493,493,com.blockfolio.blockfolio,com.sonyericsson.home.permission.BROADCAST_BADGE,customized
494,494,com.blockfolio.blockfolio,com.sonymobile.home.permission.PROVIDER_INSERT_BADGE,customized
496,496,com.blockfolio.blockfolio,com.majeur.launcher.permission.UPDATE_BADGE,customized
497,497,com.blockfolio.blockfolio,com.huawei.android.launcher.permission.CHANGE_BADGE,customized
500,500,com.blockfolio.blockfolio,android.permission.READ_APP_BADGE,customized
503,503,com.blockfolio.blockfolio,me.everything.badger.permission.BADGE_COUNT_READ,customized
504,504,com.blockfolio.blockfolio,me.everything.badger.permission.BADGE_COUNT_WRITE,customized
557,557,com.btuprotocol.btu_wallet,com.sec.android.provider.badge.permission.READ,customized
558,558,com.btuprotocol.btu_wallet,com.sec.android.provider.badge.permission.WRITE,customized
561,561,com.btuprotocol.btu_wallet,com.sonyericsson.home.permission.BROADCAST_BADGE,customized
562,562,com.btuprotocol.btu_wallet,com.sonymobile.home.permission.PROVIDER_INSERT_BADGE,customized
564,564,com.btuprotocol.btu_wallet,com.majeur.launcher.permission.UPDATE_BADGE,customized
565,565,com.btuprotocol.btu_wallet,com.huawei.android.launcher.permission.CHANGE_BADGE,customized
568,568,com.btuprotocol.btu_wallet,android.permission.READ_APP_BADGE,customized
571,571,com.btuprotocol.btu_wallet,me.everything.badger.permission.BADGE_COUNT_READ,customized
572,572,com.btuprotocol.btu_wallet,me.everything.badger.permission.BADGE_COUNT_WRITE,customized
584,584,com.buda.crypto,com.sec.android.provider.badge.permission.READ,customized
585,585,com.buda.crypto,com.sec.android.provider.badge.permission.WRITE,customized
588,588,com.buda.crypto,com.sonyericsson.home.permission.BROADCAST_BADGE,customized
590,590,com.buda.crypto,com.majeur.launcher.permission.UPDATE_BADGE,customized
656,656,com.cobinhood.exchange,com.sec.android.provider.badge.permission.READ,customized
657,657,com.cobinhood.exchange,com.sec.android.provider.badge.permission.WRITE,customized
660,660,com.cobinhood.exchange,com.sonyericsson.home.permission.BROADCAST_BADGE,customized
661,661,com.cobinhood.exchange,com.sonymobile.home.permission.PROVIDER_INSERT_BADGE,customized
663,663,com.cobinhood.exchange,com.majeur.launcher.permission.UPDATE_BADGE,customized
664,664,com.cobinhood.exchange,com.huawei.android.launcher.permission.CHANGE_BADGE,customized
667,667,com.cobinhood.exchange,android.permission.READ_APP_BADGE,customized
670,670,com.cobinhood.exchange,me.everything.badger.permission.BADGE_COUNT_READ,customized
671,671,com.cobinhood.exchange,me.everything.badger.permission.BADGE_COUNT_WRITE,customized
925,925,com.cryptocurrency.jtechtrade,com.sec.android.provider.badge.permission.READ,customized
926,926,com.cryptocurrency.jtechtrade,com.sec.android.provider.badge.permission.WRITE,customized
929,929,com.cryptocurrency.jtechtrade,com.sonyericsson.home.permission.BROADCAST_BADGE,customized
930,930,com.cryptocurrency.jtechtrade,com.sonymobile.home.permission.PROVIDER_INSERT_BADGE,customized
932,932,com.cryptocurrency.jtechtrade,com.majeur.launcher.permission.UPDATE_BADGE,customized
933,933,com.cryptocurrency.jtechtrade,com.huawei.android.launcher.permission.CHANGE_BADGE,customized
936,936,com.cryptocurrency.jtechtrade,android.permission.READ_APP_BADGE,customized
939,939,com.cryptocurrency.jtechtrade,me.everything.badger.permission.BADGE_COUNT_READ,customized
940,940,com.cryptocurrency.jtechtrade,me.everything.badger.permission.BADGE_COUNT_WRITE,customized
956,956,com.cryptooriented.exchanges,com.sec.android.provider.badge.permission.READ,customized
957,957,com.cryptooriented.exchanges,com.sec.android.provider.badge.permission.WRITE,customized
960,960,com.cryptooriented.exchanges,com.sonyericsson.home.permission.BROADCAST_BADGE,customized
961,961,com.cryptooriented.exchanges,com.sonymobile.home.permission.PROVIDER_INSERT_BADGE,customized
963,963,com.cryptooriented.exchanges,com.majeur.launcher.permission.UPDATE_BADGE,customized
964,964,com.cryptooriented.exchanges,com.huawei.android.launcher.permission.CHANGE_BADGE,customized
967,967,com.cryptooriented.exchanges,android.permission.READ_APP_BADGE,customized
970,970,com.cryptooriented.exchanges,me.everything.badger.permission.BADGE_COUNT_READ,customized
971,971,com.cryptooriented.exchanges,me.everything.badger.permission.BADGE_COUNT_WRITE,customized
1035,1035,com.digifinex.app,com.sec.android.provider.badge.permission.READ,customized
1036,1036,com.digifinex.app,com.sec.android.provider.badge.permission.WRITE,customized
1039,1039,com.digifinex.app,com.sonyericsson.home.permission.BROADCAST_BADGE,customized
1040,1040,com.digifinex.app,com.sonymobile.home.permission.PROVIDER_INSERT_BADGE,customized
1042,1042,com.digifinex.app,com.majeur.launcher.permission.UPDATE_BADGE,customized
1043,1043,com.digifinex.app,com.huawei.android.launcher.permission.CHANGE_BADGE,customized
1046,1046,com.digifinex.app,android.permission.READ_APP_BADGE,customized
1049,1049,com.digifinex.app,me.everything.badger.permission.BADGE_COUNT_READ,customized
1050,1050,com.digifinex.app,me.everything.badger.permission.BADGE_COUNT_WRITE,customized
1105,1105,com.emberfund.ember,com.sec.android.provider.badge.permission.READ,customized
1106,1106,com.emberfund.ember,com.sec.android.provider.badge.permission.WRITE,customized
1109,1109,com.emberfund.ember,com.sonyericsson.home.permission.BROADCAST_BADGE,customized
1110,1110,com.emberfund.ember,com.sonymobile.home.permission.PROVIDER_INSERT_BADGE,customized
1112,1112,com.emberfund.ember,com.majeur.launcher.permission.UPDATE_BADGE,customized
1113,1113,com.emberfund.ember,com.huawei.android.launcher.permission.CHANGE_BADGE,customized
1116,1116,com.emberfund.ember,android.permission.READ_APP_BADGE,customized
1119,1119,com.emberfund.ember,me.everything.badger.permission.BADGE_COUNT_READ,customized
1120,1120,com.emberfund.ember,me.everything.badger.permission.BADGE_COUNT_WRITE,customized
1290,1290,com.g3shanappz.claimerbox,com.sec.android.provider.badge.permission.READ,customized
1291,1291,com.g3shanappz.claimerbox,com.sec.android.provider.badge.permission.WRITE,customized
1294,1294,com.g3shanappz.claimerbox,com.sonyericsson.home.permission.BROADCAST_BADGE,customized
1295,1295,com.g3shanappz.claimerbox,com.sonymobile.home.permission.PROVIDER_INSERT_BADGE,customized
1297,1297,com.g3shanappz.claimerbox,com.majeur.launcher.permission.UPDATE_BADGE,customized
1298,1298,com.g3shanappz.claimerbox,com.huawei.android.launcher.permission.CHANGE_BADGE,customized
1301,1301,com.g3shanappz.claimerbox,android.permission.READ_APP_BADGE,customized
1304,1304,com.g3shanappz.claimerbox,me.everything.badger.permission.BADGE_COUNT_READ,customized
1305,1305,com.g3shanappz.claimerbox,me.everything.badger.permission.BADGE_COUNT_WRITE,customized
1331,1331,com.gemini.android.app,com.sec.android.provider.badge.permission.READ,customized
1332,1332,com.gemini.android.app,com.sec.android.provider.badge.permission.WRITE,customized
1335,1335,com.gemini.android.app,com.sonyericsson.home.permission.BROADCAST_BADGE,customized
1336,1336,com.gemini.android.app,com.sonymobile.home.permission.PROVIDER_INSERT_BADGE,customized
1338,1338,com.gemini.android.app,com.majeur.launcher.permission.UPDATE_BADGE,customized
1339,1339,com.gemini.android.app,com.huawei.android.launcher.permission.CHANGE_BADGE,customized
1342,1342,com.gemini.android.app,android.permission.READ_APP_BADGE,customized
1345,1345,com.gemini.android.app,me.everything.badger.permission.BADGE_COUNT_READ,customized
1346,1346,com.gemini.android.app,me.everything.badger.permission.BADGE_COUNT_WRITE,customized
1382,1382,com.holacoins.wallet,com.sec.android.provider.badge.permission.READ,customized
1383,1383,com.holacoins.wallet,com.sec.android.provider.badge.permission.WRITE,customized
1386,1386,com.holacoins.wallet,com.sonyericsson.home.permission.BROADCAST_BADGE,customized
1387,1387,com.holacoins.wallet,com.sonymobile.home.permission.PROVIDER_INSERT_BADGE,customized
1389,1389,com.holacoins.wallet,com.majeur.launcher.permission.UPDATE_BADGE,customized
1390,1390,com.holacoins.wallet,com.huawei.android.launcher.permission.CHANGE_BADGE,customized
1393,1393,com.holacoins.wallet,android.permission.READ_APP_BADGE,customized
1396,1396,com.holacoins.wallet,me.everything.badger.permission.BADGE_COUNT_READ,customized
1397,1397,com.holacoins.wallet,me.everything.badger.permission.BADGE_COUNT_WRITE,customized
1510,1510,com.koinstrap.koinstrap,com.sonymobile.home.permission.PROVIDER_INSERT_BADGE,customized
1511,1511,com.koinstrap.koinstrap,com.huawei.android.launcher.permission.CHANGE_BADGE,customized
1514,1514,com.koinstrap.koinstrap,android.permission.READ_APP_BADGE,customized
1517,1517,com.koinstrap.koinstrap,me.everything.badger.permission.BADGE_COUNT_READ,customized
1518,1518,com.koinstrap.koinstrap,me.everything.badger.permission.BADGE_COUNT_WRITE,customized
1571,1571,com.matrixport.mark,com.huawei.android.launcher.permission.CHANGE_BADGE,customized
1626,1626,com.net_cents.netcents2,com.sec.android.provider.badge.permission.READ,customized
1627,1627,com.net_cents.netcents2,com.sec.android.provider.badge.permission.WRITE,customized
1630,1630,com.net_cents.netcents2,com.sonyericsson.home.permission.BROADCAST_BADGE,customized
1631,1631,com.net_cents.netcents2,com.sonymobile.home.permission.PROVIDER_INSERT_BADGE,customized
1633,1633,com.net_cents.netcents2,com.majeur.launcher.permission.UPDATE_BADGE,customized
1634,1634,com.net_cents.netcents2,com.huawei.android.launcher.permission.CHANGE_BADGE,customized
1637,1637,com.net_cents.netcents2,android.permission.READ_APP_BADGE,customized
1640,1640,com.net_cents.netcents2,me.everything.badger.permission.BADGE_COUNT_READ,customized
1641,1641,com.net_cents.netcents2,me.everything.badger.permission.BADGE_COUNT_WRITE,customized
1693,1693,com.nexowallet,com.sec.android.provider.badge.permission.READ,customized
1694,1694,com.nexowallet,com.sec.android.provider.badge.permission.WRITE,customized
1697,1697,com.nexowallet,com.sonyericsson.home.permission.BROADCAST_BADGE,customized
1698,1698,com.nexowallet,com.sonymobile.home.permission.PROVIDER_INSERT_BADGE,customized
1700,1700,com.nexowallet,com.majeur.launcher.permission.UPDATE_BADGE,customized
1701,1701,com.nexowallet,com.huawei.android.launcher.permission.CHANGE_BADGE,customized
1704,1704,com.nexowallet,android.permission.READ_APP_BADGE,customized
1707,1707,com.nexowallet,me.everything.badger.permission.BADGE_COUNT_READ,customized
1708,1708,com.nexowallet,me.everything.badger.permission.BADGE_COUNT_WRITE,customized
1725,1725,com.nobillio.coinbaazar,com.sec.android.provider.badge.permission.READ,customized
1726,1726,com.nobillio.coinbaazar,com.sec.android.provider.badge.permission.WRITE,customized
1729,1729,com.nobillio.coinbaazar,com.sonyericsson.home.permission.BROADCAST_BADGE,customized
1730,1730,com.nobillio.coinbaazar,com.sonymobile.home.permission.PROVIDER_INSERT_BADGE,customized
1732,1732,com.nobillio.coinbaazar,com.majeur.launcher.permission.UPDATE_BADGE,customized
1733,1733,com.nobillio.coinbaazar,com.huawei.android.launcher.permission.CHANGE_BADGE,customized
1736,1736,com.nobillio.coinbaazar,android.permission.READ_APP_BADGE,customized
1739,1739,com.nobillio.coinbaazar,me.everything.badger.permission.BADGE_COUNT_READ,customized
1740,1740,com.nobillio.coinbaazar,me.everything.badger.permission.BADGE_COUNT_WRITE,customized
1778,1778,com.nova.dax,com.sec.android.provider.badge.permission.READ,customized
1779,1779,com.nova.dax,com.sec.android.provider.badge.permission.WRITE,customized
1782,1782,com.nova.dax,com.sonyericsson.home.permission.BROADCAST_BADGE,customized
1783,1783,com.nova.dax,com.sonymobile.home.permission.PROVIDER_INSERT_BADGE,customized
1785,1785,com.nova.dax,com.majeur.launcher.permission.UPDATE_BADGE,customized
1786,1786,com.nova.dax,com.huawei.android.launcher.permission.CHANGE_BADGE,customized
1789,1789,com.nova.dax,android.permission.READ_APP_BADGE,customized
1792,1792,com.nova.dax,me.everything.badger.permission.BADGE_COUNT_READ,customized
1793,1793,com.nova.dax,me.everything.badger.permission.BADGE_COUNT_WRITE,customized
1823,1823,com.okinc.okex.gp,com.huawei.android.launcher.permission.CHANGE_BADGE,customized
1873,1873,com.panaeshacapital.pcex,com.sec.android.provider.badge.permission.READ,customized
1874,1874,com.panaeshacapital.pcex,com.sec.android.provider.badge.permission.WRITE,customized
1877,1877,com.panaeshacapital.pcex,com.sonyericsson.home.permission.BROADCAST_BADGE,customized
1878,1878,com.panaeshacapital.pcex,com.sonymobile.home.permission.PROVIDER_INSERT_BADGE,customized
1880,1880,com.panaeshacapital.pcex,com.majeur.launcher.permission.UPDATE_BADGE,customized
1881,1881,com.panaeshacapital.pcex,com.huawei.android.launcher.permission.CHANGE_BADGE,customized
1884,1884,com.panaeshacapital.pcex,android.permission.READ_APP_BADGE,customized
1887,1887,com.panaeshacapital.pcex,me.everything.badger.permission.BADGE_COUNT_READ,customized
1888,1888,com.panaeshacapital.pcex,me.everything.badger.permission.BADGE_COUNT_WRITE,customized
1955,1955,com.phemex.app,com.huawei.android.launcher.permission.CHANGE_BADGE,customized
2091,2091,com.quidax.app,com.sec.android.provider.badge.permission.READ,customized
2092,2092,com.quidax.app,com.sec.android.provider.badge.permission.WRITE,customized
2095,2095,com.quidax.app,com.sonyericsson.home.permission.BROADCAST_BADGE,customized
2096,2096,com.quidax.app,com.sonymobile.home.permission.PROVIDER_INSERT_BADGE,customized
2098,2098,com.quidax.app,com.majeur.launcher.permission.UPDATE_BADGE,customized
2099,2099,com.quidax.app,com.huawei.android.launcher.permission.CHANGE_BADGE,customized
2102,2102,com.quidax.app,android.permission.READ_APP_BADGE,customized
2105,2105,com.quidax.app,me.everything.badger.permission.BADGE_COUNT_READ,customized
2106,2106,com.quidax.app,me.everything.badger.permission.BADGE_COUNT_WRITE,customized
2166,2166,com.saltlending.mobile,android.permission.READ_APP_BADGE,customized
2188,2188,com.sculptech.dtrax,com.sec.android.provider.badge.permission.READ,customized
2189,2189,com.sculptech.dtrax,com.sec.android.provider.badge.permission.WRITE,customized
2192,2192,com.sculptech.dtrax,com.sonyericsson.home.permission.BROADCAST_BADGE,customized
2193,2193,com.sculptech.dtrax,com.sonymobile.home.permission.PROVIDER_INSERT_BADGE,customized
2195,2195,com.sculptech.dtrax,com.majeur.launcher.permission.UPDATE_BADGE,customized
2196,2196,com.sculptech.dtrax,com.huawei.android.launcher.permission.CHANGE_BADGE,customized
2199,2199,com.sculptech.dtrax,android.permission.READ_APP_BADGE,customized
2202,2202,com.sculptech.dtrax,me.everything.badger.permission.BADGE_COUNT_READ,customized
2203,2203,com.sculptech.dtrax,me.everything.badger.permission.BADGE_COUNT_WRITE,customized
2239,2239,com.shapeshift.droid_shapeshift,com.sec.android.provider.badge.permission.READ,customized
2240,2240,com.shapeshift.droid_shapeshift,com.sec.android.provider.badge.permission.WRITE,customized
2243,2243,com.shapeshift.droid_shapeshift,com.sonyericsson.home.permission.BROADCAST_BADGE,customized
2244,2244,com.shapeshift.droid_shapeshift,com.sonymobile.home.permission.PROVIDER_INSERT_BADGE,customized
2246,2246,com.shapeshift.droid_shapeshift,com.majeur.launcher.permission.UPDATE_BADGE,customized
2247,2247,com.shapeshift.droid_shapeshift,com.huawei.android.launcher.permission.CHANGE_BADGE,customized
2250,2250,com.shapeshift.droid_shapeshift,android.permission.READ_APP_BADGE,customized
2253,2253,com.shapeshift.droid_shapeshift,me.everything.badger.permission.BADGE_COUNT_READ,customized
2254,2254,com.shapeshift.droid_shapeshift,me.everything.badger.permission.BADGE_COUNT_WRITE,customized
2309,2309,com.studentcoin,com.sec.android.provider.badge.permission.READ,customized
2310,2310,com.studentcoin,com.sec.android.provider.badge.permission.WRITE,customized
2313,2313,com.studentcoin,com.sonyericsson.home.permission.BROADCAST_BADGE,customized
2314,2314,com.studentcoin,com.sonymobile.home.permission.PROVIDER_INSERT_BADGE,customized
2316,2316,com.studentcoin,com.majeur.launcher.permission.UPDATE_BADGE,customized
2317,2317,com.studentcoin,com.huawei.android.launcher.permission.CHANGE_BADGE,customized
2320,2320,com.studentcoin,android.permission.READ_APP_BADGE,customized
2323,2323,com.studentcoin,me.everything.badger.permission.BADGE_COUNT_READ,customized
2324,2324,com.studentcoin,me.everything.badger.permission.BADGE_COUNT_WRITE,customized
2570,2570,io.exaking.starter,com.sec.android.provider.badge.permission.READ,customized
2571,2571,io.exaking.starter,com.sec.android.provider.badge.permission.WRITE,customized
2574,2574,io.exaking.starter,com.sonyericsson.home.permission.BROADCAST_BADGE,customized
2575,2575,io.exaking.starter,com.sonymobile.home.permission.PROVIDER_INSERT_BADGE,customized
2577,2577,io.exaking.starter,com.majeur.launcher.permission.UPDATE_BADGE,customized
2578,2578,io.exaking.starter,com.huawei.android.launcher.permission.CHANGE_BADGE,customized
2581,2581,io.exaking.starter,android.permission.READ_APP_BADGE,customized
2584,2584,io.exaking.starter,me.everything.badger.permission.BADGE_COUNT_READ,customized
2585,2585,io.exaking.starter,me.everything.badger.permission.BADGE_COUNT_WRITE,customized
2619,2619,io.metamask,com.sec.android.provider.badge.permission.READ,customized
2620,2620,io.metamask,com.sec.android.provider.badge.permission.WRITE,customized
2623,2623,io.metamask,com.sonyericsson.home.permission.BROADCAST_BADGE,customized
2624,2624,io.metamask,com.sonymobile.home.permission.PROVIDER_INSERT_BADGE,customized
2626,2626,io.metamask,com.majeur.launcher.permission.UPDATE_BADGE,customized
2627,2627,io.metamask,com.huawei.android.launcher.permission.CHANGE_BADGE,customized
2647,2647,io.nash.app,com.sec.android.provider.badge.permission.READ,customized
2648,2648,io.nash.app,com.sec.android.provider.badge.permission.WRITE,customized
2651,2651,io.nash.app,com.sonyericsson.home.permission.BROADCAST_BADGE,customized
2652,2652,io.nash.app,com.sonymobile.home.permission.PROVIDER_INSERT_BADGE,customized
2654,2654,io.nash.app,com.majeur.launcher.permission.UPDATE_BADGE,customized
2655,2655,io.nash.app,com.huawei.android.launcher.permission.CHANGE_BADGE,customized
2658,2658,io.nash.app,android.permission.READ_APP_BADGE,customized
2661,2661,io.nash.app,me.everything.badger.permission.BADGE_COUNT_READ,customized
2662,2662,io.nash.app,me.everything.badger.permission.BADGE_COUNT_WRITE,customized
2688,2688,io.rscoins.network,com.sonymobile.home.permission.PROVIDER_INSERT_BADGE,customized
2689,2689,io.rscoins.network,com.huawei.android.launcher.permission.CHANGE_BADGE,customized
2692,2692,io.rscoins.network,android.permission.READ_APP_BADGE,customized
2695,2695,io.rscoins.network,me.everything.badger.permission.BADGE_COUNT_READ,customized
2696,2696,io.rscoins.network,me.everything.badger.permission.BADGE_COUNT_WRITE,customized
2713,2713,io.uun.clet,com.sec.android.provider.badge.permission.READ,customized
2714,2714,io.uun.clet,com.sec.android.provider.badge.permission.WRITE,customized
2717,2717,io.uun.clet,com.sonyericsson.home.permission.BROADCAST_BADGE,customized
2718,2718,io.uun.clet,com.sonymobile.home.permission.PROVIDER_INSERT_BADGE,customized
2720,2720,io.uun.clet,com.majeur.launcher.permission.UPDATE_BADGE,customized
2721,2721,io.uun.clet,com.huawei.android.launcher.permission.CHANGE_BADGE,customized
2724,2724,io.uun.clet,android.permission.READ_APP_BADGE,customized
2727,2727,io.uun.clet,me.everything.badger.permission.BADGE_COUNT_READ,customized
2728,2728,io.uun.clet,me.everything.badger.permission.BADGE_COUNT_WRITE,customized
2919,2919,org.deuscoin.wallet,com.sec.android.provider.badge.permission.READ,customized
2920,2920,org.deuscoin.wallet,com.sec.android.provider.badge.permission.WRITE,customized
2923,2923,org.deuscoin.wallet,com.sonyericsson.home.permission.BROADCAST_BADGE,customized
2925,2925,org.deuscoin.wallet,com.majeur.launcher.permission.UPDATE_BADGE,customized
3049,3049,tech.central.ctocoin,com.sec.android.provider.badge.permission.READ,customized
3050,3050,tech.central.ctocoin,com.sec.android.provider.badge.permission.WRITE,customized
3053,3053,tech.central.ctocoin,com.sonyericsson.home.permission.BROADCAST_BADGE,customized
3054,3054,tech.central.ctocoin,com.sonymobile.home.permission.PROVIDER_INSERT_BADGE,customized
3056,3056,tech.central.ctocoin,com.majeur.launcher.permission.UPDATE_BADGE,customized
3057,3057,tech.central.ctocoin,com.huawei.android.launcher.permission.CHANGE_BADGE,customized
3060,3060,tech.central.ctocoin,android.permission.READ_APP_BADGE,customized
3063,3063,tech.central.ctocoin,me.everything.badger.permission.BADGE_COUNT_READ,customized
3064,3064,tech.central.ctocoin,me.everything.badger.permission.BADGE_COUNT_WRITE,customized
3102,3102,com.Bitplicity.Bitplicityapp,com.sec.android.provider.badge.permission.READ,customized
3103,3103,com.Bitplicity.Bitplicityapp,com.sec.android.provider.badge.permission.WRITE,customized
3106,3106,com.Bitplicity.Bitplicityapp,com.sonyericsson.home.permission.BROADCAST_BADGE,customized
3107,3107,com.Bitplicity.Bitplicityapp,com.sonymobile.home.permission.PROVIDER_INSERT_BADGE,customized
3109,3109,com.Bitplicity.Bitplicityapp,com.majeur.launcher.permission.UPDATE_BADGE,customized
3110,3110,com.Bitplicity.Bitplicityapp,com.huawei.android.launcher.permission.CHANGE_BADGE,customized
3113,3113,com.Bitplicity.Bitplicityapp,android.permission.READ_APP_BADGE,customized
3116,3116,com.Bitplicity.Bitplicityapp,me.everything.badger.permission.BADGE_COUNT_READ,customized
3117,3117,com.Bitplicity.Bitplicityapp,me.everything.badger.permission.BADGE_COUNT_WRITE,customized
3142,3142,hodl.group.xrpio,com.sec.android.provider.badge.permission.READ,customized
3143,3143,hodl.group.xrpio,com.sec.android.provider.badge.permission.WRITE,customized
3146,3146,hodl.group.xrpio,com.sonyericsson.home.permission.BROADCAST_BADGE,customized
3147,3147,hodl.group.xrpio,com.sonymobile.home.permission.PROVIDER_INSERT_BADGE,customized
3149,3149,hodl.group.xrpio,com.majeur.launcher.permission.UPDATE_BADGE,customized
3150,3150,hodl.group.xrpio,com.huawei.android.launcher.permission.CHANGE_BADGE,customized
3153,3153,hodl.group.xrpio,android.permission.READ_APP_BADGE,customized
3156,3156,hodl.group.xrpio,me.everything.badger.permission.BADGE_COUNT_READ,customized
3157,3157,hodl.group.xrpio,me.everything.badger.permission.BADGE_COUNT_WRITE,customized
3220,3220,io.crypto.wallet.bitcoin.ethereum.medooza.wallet,com.sec.android.provider.badge.permission.READ,customized
3221,3221,io.crypto.wallet.bitcoin.ethereum.medooza.wallet,com.sec.android.provider.badge.permission.WRITE,customized
3224,3224,io.crypto.wallet.bitcoin.ethereum.medooza.wallet,com.sonyericsson.home.permission.BROADCAST_BADGE,customized
3225,3225,io.crypto.wallet.bitcoin.ethereum.medooza.wallet,com.sonymobile.home.permission.PROVIDER_INSERT_BADGE,customized
3227,3227,io.crypto.wallet.bitcoin.ethereum.medooza.wallet,com.majeur.launcher.permission.UPDATE_BADGE,customized
3228,3228,io.crypto.wallet.bitcoin.ethereum.medooza.wallet,com.huawei.android.launcher.permission.CHANGE_BADGE,customized
3231,3231,io.crypto.wallet.bitcoin.ethereum.medooza.wallet,android.permission.READ_APP_BADGE,customized
3234,3234,io.crypto.wallet.bitcoin.ethereum.medooza.wallet,me.everything.badger.permission.BADGE_COUNT_READ,customized
3235,3235,io.crypto.wallet.bitcoin.ethereum.medooza.wallet,me.everything.badger.permission.BADGE_COUNT_WRITE,customized
3264,3264,org.coinsence.wallet,com.sec.android.provider.badge.permission.READ,customized
3265,3265,org.coinsence.wallet,com.sec.android.provider.badge.permission.WRITE,customized
3268,3268,org.coinsence.wallet,com.sonyericsson.home.permission.BROADCAST_BADGE,customized
3269,3269,org.coinsence.wallet,com.sonymobile.home.permission.PROVIDER_INSERT_BADGE,customized
3271,3271,org.coinsence.wallet,com.majeur.launcher.permission.UPDATE_BADGE,customized
3272,3272,org.coinsence.wallet,com.huawei.android.launcher.permission.CHANGE_BADGE,customized
3275,3275,org.coinsence.wallet,android.permission.READ_APP_BADGE,customized
3278,3278,org.coinsence.wallet,me.everything.badger.permission.BADGE_COUNT_READ,customized
3279,3279,org.coinsence.wallet,me.everything.badger.permission.BADGE_COUNT_WRITE,customized
3299,3299,com.bitcoin.wallet.cryptopuce,com.sec.android.provider.badge.permission.READ,customized
3300,3300,com.bitcoin.wallet.cryptopuce,com.sec.android.provider.badge.permission.WRITE,customized
3303,3303,com.bitcoin.wallet.cryptopuce,com.sonyericsson.home.permission.BROADCAST_BADGE,customized
3304,3304,com.bitcoin.wallet.cryptopuce,com.sonymobile.home.permission.PROVIDER_INSERT_BADGE,customized
3306,3306,com.bitcoin.wallet.cryptopuce,com.majeur.launcher.permission.UPDATE_BADGE,customized
3307,3307,com.bitcoin.wallet.cryptopuce,com.huawei.android.launcher.permission.CHANGE_BADGE,customized
3310,3310,com.bitcoin.wallet.cryptopuce,android.permission.READ_APP_BADGE,customized
3313,3313,com.bitcoin.wallet.cryptopuce,me.everything.badger.permission.BADGE_COUNT_READ,customized
3314,3314,com.bitcoin.wallet.cryptopuce,me.everything.badger.permission.BADGE_COUNT_WRITE,customized
3420,3420,cash.simply.wallet,com.sec.android.provider.badge.permission.READ,customized
3421,3421,cash.simply.wallet,com.sec.android.provider.badge.permission.WRITE,customized
3424,3424,cash.simply.wallet,com.sonyericsson.home.permission.BROADCAST_BADGE,customized
3425,3425,cash.simply.wallet,com.sonymobile.home.permission.PROVIDER_INSERT_BADGE,customized
3427,3427,cash.simply.wallet,com.majeur.launcher.permission.UPDATE_BADGE,customized
3428,3428,cash.simply.wallet,com.huawei.android.launcher.permission.CHANGE_BADGE,customized
3431,3431,cash.simply.wallet,android.permission.READ_APP_BADGE,customized
3434,3434,cash.simply.wallet,me.everything.badger.permission.BADGE_COUNT_READ,customized
3435,3435,cash.simply.wallet,me.everything.badger.permission.BADGE_COUNT_WRITE,customized
3468,3468,eth.org.freewallet.app,com.sec.android.provider.badge.permission.READ,customized
3469,3469,eth.org.freewallet.app,com.sec.android.provider.badge.permission.WRITE,customized
3472,3472,eth.org.freewallet.app,com.sonyericsson.home.permission.BROADCAST_BADGE,customized
3473,3473,eth.org.freewallet.app,com.sonymobile.home.permission.PROVIDER_INSERT_BADGE,customized
3475,3475,eth.org.freewallet.app,com.majeur.launcher.permission.UPDATE_BADGE,customized
3476,3476,eth.org.freewallet.app,com.huawei.android.launcher.permission.CHANGE_BADGE,customized
3479,3479,eth.org.freewallet.app,android.permission.READ_APP_BADGE,customized
3482,3482,eth.org.freewallet.app,me.everything.badger.permission.BADGE_COUNT_READ,customized
3483,3483,eth.org.freewallet.app,me.everything.badger.permission.BADGE_COUNT_WRITE,customized
3503,3503,nxt.org.freewallet.app,com.sec.android.provider.badge.permission.READ,customized
3504,3504,nxt.org.freewallet.app,com.sec.android.provider.badge.permission.WRITE,customized
3507,3507,nxt.org.freewallet.app,com.sonyericsson.home.permission.BROADCAST_BADGE,customized
3508,3508,nxt.org.freewallet.app,com.sonymobile.home.permission.PROVIDER_INSERT_BADGE,customized
3510,3510,nxt.org.freewallet.app,com.majeur.launcher.permission.UPDATE_BADGE,customized
3511,3511,nxt.org.freewallet.app,com.huawei.android.launcher.permission.CHANGE_BADGE,customized
3514,3514,nxt.org.freewallet.app,android.permission.READ_APP_BADGE,customized
3517,3517,nxt.org.freewallet.app,me.everything.badger.permission.BADGE_COUNT_READ,customized
3518,3518,nxt.org.freewallet.app,me.everything.badger.permission.BADGE_COUNT_WRITE,customized
3538,3538,xmr.org.freewallet.app,com.sec.android.provider.badge.permission.READ,customized
3539,3539,xmr.org.freewallet.app,com.sec.android.provider.badge.permission.WRITE,customized
3542,3542,xmr.org.freewallet.app,com.sonyericsson.home.permission.BROADCAST_BADGE,customized
3543,3543,xmr.org.freewallet.app,com.sonymobile.home.permission.PROVIDER_INSERT_BADGE,customized
3545,3545,xmr.org.freewallet.app,com.majeur.launcher.permission.UPDATE_BADGE,customized
3546,3546,xmr.org.freewallet.app,com.huawei.android.launcher.permission.CHANGE_BADGE,customized
3549,3549,xmr.org.freewallet.app,android.permission.READ_APP_BADGE,customized
3552,3552,xmr.org.freewallet.app,me.everything.badger.permission.BADGE_COUNT_READ,customized
3553,3553,xmr.org.freewallet.app,me.everything.badger.permission.BADGE_COUNT_WRITE,customized
3573,3573,btc.org.freewallet.app,com.sec.android.provider.badge.permission.READ,customized
3574,3574,btc.org.freewallet.app,com.sec.android.provider.badge.permission.WRITE,customized
3577,3577,btc.org.freewallet.app,com.sonyericsson.home.permission.BROADCAST_BADGE,customized
3578,3578,btc.org.freewallet.app,com.sonymobile.home.permission.PROVIDER_INSERT_BADGE,customized
3580,3580,btc.org.freewallet.app,com.majeur.launcher.permission.UPDATE_BADGE,customized
3581,3581,btc.org.freewallet.app,com.huawei.android.launcher.permission.CHANGE_BADGE,customized
3584,3584,btc.org.freewallet.app,android.permission.READ_APP_BADGE,customized
3587,3587,btc.org.freewallet.app,me.everything.badger.permission.BADGE_COUNT_READ,customized
3588,3588,btc.org.freewallet.app,me.everything.badger.permission.BADGE_COUNT_WRITE,customized
3608,3608,xrp.org.freewallet.app,com.sec.android.provider.badge.permission.READ,customized
3609,3609,xrp.org.freewallet.app,com.sec.android.provider.badge.permission.WRITE,customized
3612,3612,xrp.org.freewallet.app,com.sonyericsson.home.permission.BROADCAST_BADGE,customized
3613,3613,xrp.org.freewallet.app,com.sonymobile.home.permission.PROVIDER_INSERT_BADGE,customized
3615,3615,xrp.org.freewallet.app,com.majeur.launcher.permission.UPDATE_BADGE,customized
3616,3616,xrp.org.freewallet.app,com.huawei.android.launcher.permission.CHANGE_BADGE,customized
3619,3619,xrp.org.freewallet.app,android.permission.READ_APP_BADGE,customized
3622,3622,xrp.org.freewallet.app,me.everything.badger.permission.BADGE_COUNT_READ,customized
3623,3623,xrp.org.freewallet.app,me.everything.badger.permission.BADGE_COUNT_WRITE,customized
3651,3651,usdt.org.freewallet.app,com.sec.android.provider.badge.permission.READ,customized
3652,3652,usdt.org.freewallet.app,com.sec.android.provider.badge.permission.WRITE,customized
3655,3655,usdt.org.freewallet.app,com.sonyericsson.home.permission.BROADCAST_BADGE,customized
3656,3656,usdt.org.freewallet.app,com.sonymobile.home.permission.PROVIDER_INSERT_BADGE,customized
3658,3658,usdt.org.freewallet.app,com.majeur.launcher.permission.UPDATE_BADGE,customized
3659,3659,usdt.org.freewallet.app,com.huawei.android.launcher.permission.CHANGE_BADGE,customized
3662,3662,usdt.org.freewallet.app,android.permission.READ_APP_BADGE,customized
3665,3665,usdt.org.freewallet.app,me.everything.badger.permission.BADGE_COUNT_READ,customized
3666,3666,usdt.org.freewallet.app,me.everything.badger.permission.BADGE_COUNT_WRITE,customized
3705,3705,neo.org.freewallet.app,com.sec.android.provider.badge.permission.READ,customized
3706,3706,neo.org.freewallet.app,com.sec.android.provider.badge.permission.WRITE,customized
3709,3709,neo.org.freewallet.app,com.sonyericsson.home.permission.BROADCAST_BADGE,customized
3710,3710,neo.org.freewallet.app,com.sonymobile.home.permission.PROVIDER_INSERT_BADGE,customized
3712,3712,neo.org.freewallet.app,com.majeur.launcher.permission.UPDATE_BADGE,customized
3713,3713,neo.org.freewallet.app,com.huawei.android.launcher.permission.CHANGE_BADGE,customized
3716,3716,neo.org.freewallet.app,android.permission.READ_APP_BADGE,customized
3719,3719,neo.org.freewallet.app,me.everything.badger.permission.BADGE_COUNT_READ,customized
3720,3720,neo.org.freewallet.app,me.everything.badger.permission.BADGE_COUNT_WRITE,customized
3740,3740,trx.org.freewallet.app,com.sec.android.provider.badge.permission.READ,customized
3741,3741,trx.org.freewallet.app,com.sec.android.provider.badge.permission.WRITE,customized
3744,3744,trx.org.freewallet.app,com.sonyericsson.home.permission.BROADCAST_BADGE,customized
3745,3745,trx.org.freewallet.app,com.sonymobile.home.permission.PROVIDER_INSERT_BADGE,customized
3747,3747,trx.org.freewallet.app,com.majeur.launcher.permission.UPDATE_BADGE,customized
3748,3748,trx.org.freewallet.app,com.huawei.android.launcher.permission.CHANGE_BADGE,customized
3751,3751,trx.org.freewallet.app,android.permission.READ_APP_BADGE,customized
3754,3754,trx.org.freewallet.app,me.everything.badger.permission.BADGE_COUNT_READ,customized
3755,3755,trx.org.freewallet.app,me.everything.badger.permission.BADGE_COUNT_WRITE,customized
3775,3775,bcn.org.freewallet.app,com.sec.android.provider.badge.permission.READ,customized
3776,3776,bcn.org.freewallet.app,com.sec.android.provider.badge.permission.WRITE,customized
3779,3779,bcn.org.freewallet.app,com.sonyericsson.home.permission.BROADCAST_BADGE,customized
3780,3780,bcn.org.freewallet.app,com.sonymobile.home.permission.PROVIDER_INSERT_BADGE,customized
3782,3782,bcn.org.freewallet.app,com.majeur.launcher.permission.UPDATE_BADGE,customized
3783,3783,bcn.org.freewallet.app,com.huawei.android.launcher.permission.CHANGE_BADGE,customized
3786,3786,bcn.org.freewallet.app,android.permission.READ_APP_BADGE,customized
3789,3789,bcn.org.freewallet.app,me.everything.badger.permission.BADGE_COUNT_READ,customized
3790,3790,bcn.org.freewallet.app,me.everything.badger.permission.BADGE_COUNT_WRITE,customized
3810,3810,eos.org.freewallet.app,com.sec.android.provider.badge.permission.READ,customized
3811,3811,eos.org.freewallet.app,com.sec.android.provider.badge.permission.WRITE,customized
3814,3814,eos.org.freewallet.app,com.sonyericsson.home.permission.BROADCAST_BADGE,customized
3815,3815,eos.org.freewallet.app,com.sonymobile.home.permission.PROVIDER_INSERT_BADGE,customized
3817,3817,eos.org.freewallet.app,com.majeur.launcher.permission.UPDATE_BADGE,customized
3818,3818,eos.org.freewallet.app,com.huawei.android.launcher.permission.CHANGE_BADGE,customized
3821,3821,eos.org.freewallet.app,android.permission.READ_APP_BADGE,customized
3824,3824,eos.org.freewallet.app,me.everything.badger.permission.BADGE_COUNT_READ,customized
3825,3825,eos.org.freewallet.app,me.everything.badger.permission.BADGE_COUNT_WRITE,customized
3845,3845,ltcc.org.freewallet.app,com.sec.android.provider.badge.permission.READ,customized
3846,3846,ltcc.org.freewallet.app,com.sec.android.provider.badge.permission.WRITE,customized
3849,3849,ltcc.org.freewallet.app,com.sonyericsson.home.permission.BROADCAST_BADGE,customized
3850,3850,ltcc.org.freewallet.app,com.sonymobile.home.permission.PROVIDER_INSERT_BADGE,customized
3852,3852,ltcc.org.freewallet.app,com.majeur.launcher.permission.UPDATE_BADGE,customized
3853,3853,ltcc.org.freewallet.app,com.huawei.android.launcher.permission.CHANGE_BADGE,customized
3856,3856,ltcc.org.freewallet.app,android.permission.READ_APP_BADGE,customized
3859,3859,ltcc.org.freewallet.app,me.everything.badger.permission.BADGE_COUNT_READ,customized
3860,3860,ltcc.org.freewallet.app,me.everything.badger.permission.BADGE_COUNT_WRITE,customized
3880,3880,bcc.org.freewallet.app,com.sec.android.provider.badge.permission.READ,customized
3881,3881,bcc.org.freewallet.app,com.sec.android.provider.badge.permission.WRITE,customized
3884,3884,bcc.org.freewallet.app,com.sonyericsson.home.permission.BROADCAST_BADGE,customized
3885,3885,bcc.org.freewallet.app,com.sonymobile.home.permission.PROVIDER_INSERT_BADGE,customized
3887,3887,bcc.org.freewallet.app,com.majeur.launcher.permission.UPDATE_BADGE,customized
3888,3888,bcc.org.freewallet.app,com.huawei.android.launcher.permission.CHANGE_BADGE,customized
3891,3891,bcc.org.freewallet.app,android.permission.READ_APP_BADGE,customized
3894,3894,bcc.org.freewallet.app,me.everything.badger.permission.BADGE_COUNT_READ,customized
3895,3895,bcc.org.freewallet.app,me.everything.badger.permission.BADGE_COUNT_WRITE,customized
3922,3922,tech.vontech.blockchain.jetoken,com.sec.android.provider.badge.permission.READ,customized
3923,3923,tech.vontech.blockchain.jetoken,com.sec.android.provider.badge.permission.WRITE,customized
3926,3926,tech.vontech.blockchain.jetoken,com.sonyericsson.home.permission.BROADCAST_BADGE,customized
3927,3927,tech.vontech.blockchain.jetoken,com.sonymobile.home.permission.PROVIDER_INSERT_BADGE,customized
3929,3929,tech.vontech.blockchain.jetoken,com.majeur.launcher.permission.UPDATE_BADGE,customized
3930,3930,tech.vontech.blockchain.jetoken,com.huawei.android.launcher.permission.CHANGE_BADGE,customized
3933,3933,tech.vontech.blockchain.jetoken,android.permission.READ_APP_BADGE,customized
3936,3936,tech.vontech.blockchain.jetoken,me.everything.badger.permission.BADGE_COUNT_READ,customized
3937,3937,tech.vontech.blockchain.jetoken,me.everything.badger.permission.BADGE_COUNT_WRITE,customized
3964,3964,btg.org.freewallet.app,com.sec.android.provider.badge.permission.READ,customized
3965,3965,btg.org.freewallet.app,com.sec.android.provider.badge.permission.WRITE,customized
3968,3968,btg.org.freewallet.app,com.sonyericsson.home.permission.BROADCAST_BADGE,customized
3969,3969,btg.org.freewallet.app,com.sonymobile.home.permission.PROVIDER_INSERT_BADGE,customized
3971,3971,btg.org.freewallet.app,com.majeur.launcher.permission.UPDATE_BADGE,customized
3972,3972,btg.org.freewallet.app,com.huawei.android.launcher.permission.CHANGE_BADGE,customized
3975,3975,btg.org.freewallet.app,android.permission.READ_APP_BADGE,customized
3978,3978,btg.org.freewallet.app,me.everything.badger.permission.BADGE_COUNT_READ,customized
3979,3979,btg.org.freewallet.app,me.everything.badger.permission.BADGE_COUNT_WRITE,customized
4004,4004,doge.org.freewallet.app,com.sec.android.provider.badge.permission.READ,customized
4005,4005,doge.org.freewallet.app,com.sec.android.provider.badge.permission.WRITE,customized
4008,4008,doge.org.freewallet.app,com.sonyericsson.home.permission.BROADCAST_BADGE,customized
4009,4009,doge.org.freewallet.app,com.sonymobile.home.permission.PROVIDER_INSERT_BADGE,customized
4011,4011,doge.org.freewallet.app,com.majeur.launcher.permission.UPDATE_BADGE,customized
4012,4012,doge.org.freewallet.app,com.huawei.android.launcher.permission.CHANGE_BADGE,customized
4015,4015,doge.org.freewallet.app,android.permission.READ_APP_BADGE,customized
4018,4018,doge.org.freewallet.app,me.everything.badger.permission.BADGE_COUNT_READ,customized
4019,4019,doge.org.freewallet.app,me.everything.badger.permission.BADGE_COUNT_WRITE,customized
4148,4148,pe.bluemountain419.jungledex,com.sec.android.provider.badge.permission.READ,customized
4149,4149,pe.bluemountain419.jungledex,com.sec.android.provider.badge.permission.WRITE,customized
4152,4152,pe.bluemountain419.jungledex,com.sonyericsson.home.permission.BROADCAST_BADGE,customized
4154,4154,pe.bluemountain419.jungledex,com.majeur.launcher.permission.UPDATE_BADGE,customized
4207,4207,com.cwallet,com.sec.android.provider.badge.permission.READ,customized
4208,4208,com.cwallet,com.sec.android.provider.badge.permission.WRITE,customized
4211,4211,com.cwallet,com.sonyericsson.home.permission.BROADCAST_BADGE,customized
4212,4212,com.cwallet,com.sonymobile.home.permission.PROVIDER_INSERT_BADGE,customized
4214,4214,com.cwallet,com.majeur.launcher.permission.UPDATE_BADGE,customized
4215,4215,com.cwallet,com.huawei.android.launcher.permission.CHANGE_BADGE,customized
4218,4218,com.cwallet,android.permission.READ_APP_BADGE,customized
4221,4221,com.cwallet,me.everything.badger.permission.BADGE_COUNT_READ,customized
4222,4222,com.cwallet,me.everything.badger.permission.BADGE_COUNT_WRITE,customized
4246,4246,com.allcoinwallet.allcoinwallet,com.sec.android.provider.badge.permission.READ,customized
4247,4247,com.allcoinwallet.allcoinwallet,com.sec.android.provider.badge.permission.WRITE,customized
4250,4250,com.allcoinwallet.allcoinwallet,com.sonyericsson.home.permission.BROADCAST_BADGE,customized
4251,4251,com.allcoinwallet.allcoinwallet,com.sonymobile.home.permission.PROVIDER_INSERT_BADGE,customized
4253,4253,com.allcoinwallet.allcoinwallet,com.majeur.launcher.permission.UPDATE_BADGE,customized
4254,4254,com.allcoinwallet.allcoinwallet,com.huawei.android.launcher.permission.CHANGE_BADGE,customized
4257,4257,com.allcoinwallet.allcoinwallet,android.permission.READ_APP_BADGE,customized
4260,4260,com.allcoinwallet.allcoinwallet,me.everything.badger.permission.BADGE_COUNT_READ,customized
4261,4261,com.allcoinwallet.allcoinwallet,me.everything.badger.permission.BADGE_COUNT_WRITE,customized
4311,4311,com.bitcoinindia.Btciapp,com.sec.android.provider.badge.permission.READ,customized
4312,4312,com.bitcoinindia.Btciapp,com.sec.android.provider.badge.permission.WRITE,customized
4315,4315,com.bitcoinindia.Btciapp,com.sonyericsson.home.permission.BROADCAST_BADGE,customized
4316,4316,com.bitcoinindia.Btciapp,com.sonymobile.home.permission.PROVIDER_INSERT_BADGE,customized
4318,4318,com.bitcoinindia.Btciapp,com.majeur.launcher.permission.UPDATE_BADGE,customized
4319,4319,com.bitcoinindia.Btciapp,com.huawei.android.launcher.permission.CHANGE_BADGE,customized
4322,4322,com.bitcoinindia.Btciapp,android.permission.READ_APP_BADGE,customized
4325,4325,com.bitcoinindia.Btciapp,me.everything.badger.permission.BADGE_COUNT_READ,customized
4326,4326,com.bitcoinindia.Btciapp,me.everything.badger.permission.BADGE_COUNT_WRITE,customized
4365,4365,com.monederoapp,com.sec.android.provider.badge.permission.READ,customized
4366,4366,com.monederoapp,com.sec.android.provider.badge.permission.WRITE,customized
4369,4369,com.monederoapp,com.sonyericsson.home.permission.BROADCAST_BADGE,customized
4370,4370,com.monederoapp,com.sonymobile.home.permission.PROVIDER_INSERT_BADGE,customized
4372,4372,com.monederoapp,com.majeur.launcher.permission.UPDATE_BADGE,customized
4373,4373,com.monederoapp,com.huawei.android.launcher.permission.CHANGE_BADGE,customized
4376,4376,com.monederoapp,android.permission.READ_APP_BADGE,customized
4379,4379,com.monederoapp,me.everything.badger.permission.BADGE_COUNT_READ,customized
4380,4380,com.monederoapp,me.everything.badger.permission.BADGE_COUNT_WRITE,customized
4404,4404,everex.transfer,com.sec.android.provider.badge.permission.READ,customized
4405,4405,everex.transfer,com.sec.android.provider.badge.permission.WRITE,customized
4408,4408,everex.transfer,com.sonyericsson.home.permission.BROADCAST_BADGE,customized
4410,4410,everex.transfer,com.majeur.launcher.permission.UPDATE_BADGE,customized
4430,4430,mw.org.freewallet.app,com.sec.android.provider.badge.permission.READ,customized
4431,4431,mw.org.freewallet.app,com.sec.android.provider.badge.permission.WRITE,customized
4434,4434,mw.org.freewallet.app,com.sonyericsson.home.permission.BROADCAST_BADGE,customized
4435,4435,mw.org.freewallet.app,com.sonymobile.home.permission.PROVIDER_INSERT_BADGE,customized
4437,4437,mw.org.freewallet.app,com.majeur.launcher.permission.UPDATE_BADGE,customized
4438,4438,mw.org.freewallet.app,com.huawei.android.launcher.permission.CHANGE_BADGE,customized
4441,4441,mw.org.freewallet.app,android.permission.READ_APP_BADGE,customized
4444,4444,mw.org.freewallet.app,me.everything.badger.permission.BADGE_COUNT_READ,customized
4445,4445,mw.org.freewallet.app,me.everything.badger.permission.BADGE_COUNT_WRITE,customized
4496,4496,com.lingxi.bexplus,com.sec.android.provider.badge.permission.READ,customized
4497,4497,com.lingxi.bexplus,com.sec.android.provider.badge.permission.WRITE,customized
4500,4500,com.lingxi.bexplus,com.sonyericsson.home.permission.BROADCAST_BADGE,customized
4501,4501,com.lingxi.bexplus,com.sonymobile.home.permission.PROVIDER_INSERT_BADGE,customized
4503,4503,com.lingxi.bexplus,com.majeur.launcher.permission.UPDATE_BADGE,customized
4504,4504,com.lingxi.bexplus,com.huawei.android.launcher.permission.CHANGE_BADGE,customized
4507,4507,com.lingxi.bexplus,android.permission.READ_APP_BADGE,customized
4510,4510,com.lingxi.bexplus,me.everything.badger.permission.BADGE_COUNT_READ,customized
4511,4511,com.lingxi.bexplus,me.everything.badger.permission.BADGE_COUNT_WRITE,customized
4532,4532,com.portto.blocto,com.sec.android.provider.badge.permission.READ,customized
4533,4533,com.portto.blocto,com.sec.android.provider.badge.permission.WRITE,customized
4536,4536,com.portto.blocto,com.sonyericsson.home.permission.BROADCAST_BADGE,customized
4537,4537,com.portto.blocto,com.sonymobile.home.permission.PROVIDER_INSERT_BADGE,customized
4539,4539,com.portto.blocto,com.majeur.launcher.permission.UPDATE_BADGE,customized
4540,4540,com.portto.blocto,com.huawei.android.launcher.permission.CHANGE_BADGE,customized
4543,4543,com.portto.blocto,android.permission.READ_APP_BADGE,customized
4546,4546,com.portto.blocto,me.everything.badger.permission.BADGE_COUNT_READ,customized
4547,4547,com.portto.blocto,me.everything.badger.permission.BADGE_COUNT_WRITE,customized
4595,4595,io.eidoo.wallet.prodnet,com.sec.android.provider.badge.permission.READ,customized
4596,4596,io.eidoo.wallet.prodnet,com.sec.android.provider.badge.permission.WRITE,customized
4599,4599,io.eidoo.wallet.prodnet,com.sonyericsson.home.permission.BROADCAST_BADGE,customized
4600,4600,io.eidoo.wallet.prodnet,com.sonymobile.home.permission.PROVIDER_INSERT_BADGE,customized
4602,4602,io.eidoo.wallet.prodnet,com.majeur.launcher.permission.UPDATE_BADGE,customized
4603,4603,io.eidoo.wallet.prodnet,com.huawei.android.launcher.permission.CHANGE_BADGE,customized
4606,4606,io.eidoo.wallet.prodnet,android.permission.READ_APP_BADGE,customized
4609,4609,io.eidoo.wallet.prodnet,me.everything.badger.permission.BADGE_COUNT_READ,customized
4610,4610,io.eidoo.wallet.prodnet,me.everything.badger.permission.BADGE_COUNT_WRITE,customized
4629,4629,com.blocktrail.mywallet,com.sec.android.provider.badge.permission.READ,customized
4630,4630,com.blocktrail.mywallet,com.sec.android.provider.badge.permission.WRITE,customized
4633,4633,com.blocktrail.mywallet,com.sonyericsson.home.permission.BROADCAST_BADGE,customized
4635,4635,com.blocktrail.mywallet,com.majeur.launcher.permission.UPDATE_BADGE,customized
4670,4670,com.sparkpoint,com.sec.android.provider.badge.permission.READ,customized
4671,4671,com.sparkpoint,com.sec.android.provider.badge.permission.WRITE,customized
4674,4674,com.sparkpoint,com.sonyericsson.home.permission.BROADCAST_BADGE,customized
4675,4675,com.sparkpoint,com.sonymobile.home.permission.PROVIDER_INSERT_BADGE,customized
4677,4677,com.sparkpoint,com.majeur.launcher.permission.UPDATE_BADGE,customized
4678,4678,com.sparkpoint,com.huawei.android.launcher.permission.CHANGE_BADGE,customized
4681,4681,com.sparkpoint,android.permission.READ_APP_BADGE,customized
4684,4684,com.sparkpoint,me.everything.badger.permission.BADGE_COUNT_READ,customized
4685,4685,com.sparkpoint,me.everything.badger.permission.BADGE_COUNT_WRITE,customized
4792,4792,com.zengo.wallet,com.sec.android.provider.badge.permission.READ,customized
4793,4793,com.zengo.wallet,com.sec.android.provider.badge.permission.WRITE,customized
4796,4796,com.zengo.wallet,com.sonyericsson.home.permission.BROADCAST_BADGE,customized
4797,4797,com.zengo.wallet,com.sonymobile.home.permission.PROVIDER_INSERT_BADGE,customized
4799,4799,com.zengo.wallet,com.majeur.launcher.permission.UPDATE_BADGE,customized
4800,4800,com.zengo.wallet,com.huawei.android.launcher.permission.CHANGE_BADGE,customized
4803,4803,com.zengo.wallet,android.permission.READ_APP_BADGE,customized
4806,4806,com.zengo.wallet,me.everything.badger.permission.BADGE_COUNT_READ,customized
4807,4807,com.zengo.wallet,me.everything.badger.permission.BADGE_COUNT_WRITE,customized
4853,4853,io.atomicwallet,com.sec.android.provider.badge.permission.READ,customized
4854,4854,io.atomicwallet,com.sec.android.provider.badge.permission.WRITE,customized
4857,4857,io.atomicwallet,com.sonyericsson.home.permission.BROADCAST_BADGE,customized
4858,4858,io.atomicwallet,com.sonymobile.home.permission.PROVIDER_INSERT_BADGE,customized
4860,4860,io.atomicwallet,com.majeur.launcher.permission.UPDATE_BADGE,customized
4861,4861,io.atomicwallet,com.huawei.android.launcher.permission.CHANGE_BADGE,customized
4864,4864,io.atomicwallet,android.permission.READ_APP_BADGE,customized
4867,4867,io.atomicwallet,me.everything.badger.permission.BADGE_COUNT_READ,customized
4868,4868,io.atomicwallet,me.everything.badger.permission.BADGE_COUNT_WRITE,customized
4902,4902,com.zelcash.zelcore,com.sec.android.provider.badge.permission.READ,customized
4903,4903,com.zelcash.zelcore,com.sec.android.provider.badge.permission.WRITE,customized
4906,4906,com.zelcash.zelcore,com.sonyericsson.home.permission.BROADCAST_BADGE,customized
4907,4907,com.zelcash.zelcore,com.sonymobile.home.permission.PROVIDER_INSERT_BADGE,customized
4909,4909,com.zelcash.zelcore,com.majeur.launcher.permission.UPDATE_BADGE,customized
4910,4910,com.zelcash.zelcore,com.huawei.android.launcher.permission.CHANGE_BADGE,customized
4913,4913,com.zelcash.zelcore,android.permission.READ_APP_BADGE,customized
4916,4916,com.zelcash.zelcore,me.everything.badger.permission.BADGE_COUNT_READ,customized
4917,4917,com.zelcash.zelcore,me.everything.badger.permission.BADGE_COUNT_WRITE,customized
4945,4945,com.sixwallet,com.sec.android.provider.badge.permission.READ,customized
4946,4946,com.sixwallet,com.sec.android.provider.badge.permission.WRITE,customized
4949,4949,com.sixwallet,com.sonyericsson.home.permission.BROADCAST_BADGE,customized
4950,4950,com.sixwallet,com.sonymobile.home.permission.PROVIDER_INSERT_BADGE,customized
4952,4952,com.sixwallet,com.majeur.launcher.permission.UPDATE_BADGE,customized
4953,4953,com.sixwallet,com.huawei.android.launcher.permission.CHANGE_BADGE,customized
4956,4956,com.sixwallet,android.permission.READ_APP_BADGE,customized
4959,4959,com.sixwallet,me.everything.badger.permission.BADGE_COUNT_READ,customized
4960,4960,com.sixwallet,me.everything.badger.permission.BADGE_COUNT_WRITE,customized
4980,4980,de.fuf.bitbucks,com.sec.android.provider.badge.permission.READ,customized
4981,4981,de.fuf.bitbucks,com.sec.android.provider.badge.permission.WRITE,customized
4984,4984,de.fuf.bitbucks,com.sonyericsson.home.permission.BROADCAST_BADGE,customized
4985,4985,de.fuf.bitbucks,com.sonymobile.home.permission.PROVIDER_INSERT_BADGE,customized
4987,4987,de.fuf.bitbucks,com.majeur.launcher.permission.UPDATE_BADGE,customized
4988,4988,de.fuf.bitbucks,com.huawei.android.launcher.permission.CHANGE_BADGE,customized
4991,4991,de.fuf.bitbucks,android.permission.READ_APP_BADGE,customized
4994,4994,de.fuf.bitbucks,me.everything.badger.permission.BADGE_COUNT_READ,customized
4995,4995,de.fuf.bitbucks,me.everything.badger.permission.BADGE_COUNT_WRITE,customized
5101,5101,com.liberty.jaxx,com.sec.android.provider.badge.permission.READ,customized
5102,5102,com.liberty.jaxx,com.sec.android.provider.badge.permission.WRITE,customized
5105,5105,com.liberty.jaxx,com.sonyericsson.home.permission.BROADCAST_BADGE,customized
5106,5106,com.liberty.jaxx,com.sonymobile.home.permission.PROVIDER_INSERT_BADGE,customized
5108,5108,com.liberty.jaxx,com.majeur.launcher.permission.UPDATE_BADGE,customized
5109,5109,com.liberty.jaxx,com.huawei.android.launcher.permission.CHANGE_BADGE,customized
5112,5112,com.liberty.jaxx,android.permission.READ_APP_BADGE,customized
5115,5115,com.liberty.jaxx,me.everything.badger.permission.BADGE_COUNT_READ,customized
5116,5116,com.liberty.jaxx,me.everything.badger.permission.BADGE_COUNT_WRITE,customized
5171,5171,com.buyucoinApp.buyucoin,com.sec.android.provider.badge.permission.READ,customized
5172,5172,com.buyucoinApp.buyucoin,com.sec.android.provider.badge.permission.WRITE,customized
5175,5175,com.buyucoinApp.buyucoin,com.sonyericsson.home.permission.BROADCAST_BADGE,customized
5176,5176,com.buyucoinApp.buyucoin,com.sonymobile.home.permission.PROVIDER_INSERT_BADGE,customized
5178,5178,com.buyucoinApp.buyucoin,com.majeur.launcher.permission.UPDATE_BADGE,customized
5179,5179,com.buyucoinApp.buyucoin,com.huawei.android.launcher.permission.CHANGE_BADGE,customized
5182,5182,com.buyucoinApp.buyucoin,android.permission.READ_APP_BADGE,customized
5185,5185,com.buyucoinApp.buyucoin,me.everything.badger.permission.BADGE_COUNT_READ,customized
5186,5186,com.buyucoinApp.buyucoin,me.everything.badger.permission.BADGE_COUNT_WRITE,customized
5220,5220,com.hotbtc.exchange,com.sec.android.provider.badge.permission.READ,customized
5221,5221,com.hotbtc.exchange,com.sec.android.provider.badge.permission.WRITE,customized
5224,5224,com.hotbtc.exchange,com.sonyericsson.home.permission.BROADCAST_BADGE,customized
5226,5226,com.hotbtc.exchange,com.majeur.launcher.permission.UPDATE_BADGE,customized
5455,5455,com.savl,com.sec.android.provider.badge.permission.READ,customized
5456,5456,com.savl,com.sec.android.provider.badge.permission.WRITE,customized
5459,5459,com.savl,com.sonyericsson.home.permission.BROADCAST_BADGE,customized
5460,5460,com.savl,com.sonymobile.home.permission.PROVIDER_INSERT_BADGE,customized
5462,5462,com.savl,com.majeur.launcher.permission.UPDATE_BADGE,customized
5463,5463,com.savl,com.huawei.android.launcher.permission.CHANGE_BADGE,customized
5466,5466,com.savl,android.permission.READ_APP_BADGE,customized
5469,5469,com.savl,me.everything.badger.permission.BADGE_COUNT_READ,customized
5470,5470,com.savl,me.everything.badger.permission.BADGE_COUNT_WRITE,customized
5544,5544,com.ccwalletapp,com.sec.android.provider.badge.permission.READ,customized
5545,5545,com.ccwalletapp,com.sec.android.provider.badge.permission.WRITE,customized
5548,5548,com.ccwalletapp,com.sonyericsson.home.permission.BROADCAST_BADGE,customized
5549,5549,com.ccwalletapp,com.sonymobile.home.permission.PROVIDER_INSERT_BADGE,customized
5551,5551,com.ccwalletapp,com.majeur.launcher.permission.UPDATE_BADGE,customized
5552,5552,com.ccwalletapp,com.huawei.android.launcher.permission.CHANGE_BADGE,customized
5555,5555,com.ccwalletapp,android.permission.READ_APP_BADGE,customized
5558,5558,com.ccwalletapp,me.everything.badger.permission.BADGE_COUNT_READ,customized
5559,5559,com.ccwalletapp,me.everything.badger.permission.BADGE_COUNT_WRITE,customized
5705,5705,com.ptpwallet,com.sec.android.provider.badge.permission.READ,customized
5706,5706,com.ptpwallet,com.sec.android.provider.badge.permission.WRITE,customized
5709,5709,com.ptpwallet,com.sonyericsson.home.permission.BROADCAST_BADGE,customized
5710,5710,com.ptpwallet,com.sonymobile.home.permission.PROVIDER_INSERT_BADGE,customized
5712,5712,com.ptpwallet,com.majeur.launcher.permission.UPDATE_BADGE,customized
5713,5713,com.ptpwallet,com.huawei.android.launcher.permission.CHANGE_BADGE,customized
5716,5716,com.ptpwallet,android.permission.READ_APP_BADGE,customized
5719,5719,com.ptpwallet,me.everything.badger.permission.BADGE_COUNT_READ,customized
5720,5720,com.ptpwallet,me.everything.badger.permission.BADGE_COUNT_WRITE,customized
5762,5762,com.silenca.amlsafe,com.sec.android.provider.badge.permission.READ,customized
5763,5763,com.silenca.amlsafe,com.sec.android.provider.badge.permission.WRITE,customized
5766,5766,com.silenca.amlsafe,com.sonyericsson.home.permission.BROADCAST_BADGE,customized
5767,5767,com.silenca.amlsafe,com.sonymobile.home.permission.PROVIDER_INSERT_BADGE,customized
5769,5769,com.silenca.amlsafe,com.majeur.launcher.permission.UPDATE_BADGE,customized
5770,5770,com.silenca.amlsafe,com.huawei.android.launcher.permission.CHANGE_BADGE,customized
5773,5773,com.silenca.amlsafe,android.permission.READ_APP_BADGE,customized
5776,5776,com.silenca.amlsafe,me.everything.badger.permission.BADGE_COUNT_READ,customized
5777,5777,com.silenca.amlsafe,me.everything.badger.permission.BADGE_COUNT_WRITE,customized
5879,5879,com.ninjacoin,com.sec.android.provider.badge.permission.READ,customized
5880,5880,com.ninjacoin,com.sec.android.provider.badge.permission.WRITE,customized
5883,5883,com.ninjacoin,com.sonyericsson.home.permission.BROADCAST_BADGE,customized
5884,5884,com.ninjacoin,com.sonymobile.home.permission.PROVIDER_INSERT_BADGE,customized
5886,5886,com.ninjacoin,com.majeur.launcher.permission.UPDATE_BADGE,customized
5887,5887,com.ninjacoin,com.huawei.android.launcher.permission.CHANGE_BADGE,customized
5986,5986,com.coinfalcon.mobile,com.sec.android.provider.badge.permission.READ,customized
5987,5987,com.coinfalcon.mobile,com.sec.android.provider.badge.permission.WRITE,customized
5990,5990,com.coinfalcon.mobile,com.sonyericsson.home.permission.BROADCAST_BADGE,customized
5991,5991,com.coinfalcon.mobile,com.sonymobile.home.permission.PROVIDER_INSERT_BADGE,customized
5993,5993,com.coinfalcon.mobile,com.majeur.launcher.permission.UPDATE_BADGE,customized
5994,5994,com.coinfalcon.mobile,com.huawei.android.launcher.permission.CHANGE_BADGE,customized
5997,5997,com.coinfalcon.mobile,android.permission.READ_APP_BADGE,customized
6000,6000,com.coinfalcon.mobile,me.everything.badger.permission.BADGE_COUNT_READ,customized
6001,6001,com.coinfalcon.mobile,me.everything.badger.permission.BADGE_COUNT_WRITE,customized
6018,6018,com.ripio.android,com.sec.android.provider.badge.permission.READ,customized
6019,6019,com.ripio.android,com.sec.android.provider.badge.permission.WRITE,customized
6022,6022,com.ripio.android,com.sonyericsson.home.permission.BROADCAST_BADGE,customized
6023,6023,com.ripio.android,com.sonymobile.home.permission.PROVIDER_INSERT_BADGE,customized
6025,6025,com.ripio.android,com.majeur.launcher.permission.UPDATE_BADGE,customized
6026,6026,com.ripio.android,com.huawei.android.launcher.permission.CHANGE_BADGE,customized
6029,6029,com.ripio.android,android.permission.READ_APP_BADGE,customized
6032,6032,com.ripio.android,me.everything.badger.permission.BADGE_COUNT_READ,customized
6033,6033,com.ripio.android,me.everything.badger.permission.BADGE_COUNT_WRITE,customized
6196,6196,co.satoshiwallet.app,com.sec.android.provider.badge.permission.READ,customized
6197,6197,co.satoshiwallet.app,com.sec.android.provider.badge.permission.WRITE,customized
6200,6200,co.satoshiwallet.app,com.sonyericsson.home.permission.BROADCAST_BADGE,customized
6201,6201,co.satoshiwallet.app,com.sonymobile.home.permission.PROVIDER_INSERT_BADGE,customized
6203,6203,co.satoshiwallet.app,com.majeur.launcher.permission.UPDATE_BADGE,customized
6204,6204,co.satoshiwallet.app,com.huawei.android.launcher.permission.CHANGE_BADGE,customized
6304,6304,com.XcelTrip.XcelPay,com.sec.android.provider.badge.permission.READ,customized
6305,6305,com.XcelTrip.XcelPay,com.sec.android.provider.badge.permission.WRITE,customized
6308,6308,com.XcelTrip.XcelPay,com.sonyericsson.home.permission.BROADCAST_BADGE,customized
6309,6309,com.XcelTrip.XcelPay,com.sonymobile.home.permission.PROVIDER_INSERT_BADGE,customized
6311,6311,com.XcelTrip.XcelPay,com.majeur.launcher.permission.UPDATE_BADGE,customized
6312,6312,com.XcelTrip.XcelPay,com.huawei.android.launcher.permission.CHANGE_BADGE,customized
6315,6315,com.XcelTrip.XcelPay,android.permission.READ_APP_BADGE,customized
6318,6318,com.XcelTrip.XcelPay,me.everything.badger.permission.BADGE_COUNT_READ,customized
6319,6319,com.XcelTrip.XcelPay,me.everything.badger.permission.BADGE_COUNT_WRITE,customized
6359,6359,tw.org.freewallet.app,com.sec.android.provider.badge.permission.READ,customized
6360,6360,tw.org.freewallet.app,com.sec.android.provider.badge.permission.WRITE,customized
6363,6363,tw.org.freewallet.app,com.sonyericsson.home.permission.BROADCAST_BADGE,customized
6364,6364,tw.org.freewallet.app,com.sonymobile.home.permission.PROVIDER_INSERT_BADGE,customized
6366,6366,tw.org.freewallet.app,com.majeur.launcher.permission.UPDATE_BADGE,customized
6367,6367,tw.org.freewallet.app,com.huawei.android.launcher.permission.CHANGE_BADGE,customized
6369,6369,tw.org.freewallet.app,android.permission.READ_APP_BADGE,customized
6457,6457,com.dowallet,com.sec.android.provider.badge.permission.READ,customized
6458,6458,com.dowallet,com.sec.android.provider.badge.permission.WRITE,customized
6461,6461,com.dowallet,com.sonyericsson.home.permission.BROADCAST_BADGE,customized
6462,6462,com.dowallet,com.sonymobile.home.permission.PROVIDER_INSERT_BADGE,customized
6464,6464,com.dowallet,com.majeur.launcher.permission.UPDATE_BADGE,customized
6465,6465,com.dowallet,com.huawei.android.launcher.permission.CHANGE_BADGE,customized
6468,6468,com.dowallet,android.permission.READ_APP_BADGE,customized
6471,6471,com.dowallet,me.everything.badger.permission.BADGE_COUNT_READ,customized
6472,6472,com.dowallet,me.everything.badger.permission.BADGE_COUNT_WRITE,customized
6561,6561,com.coinbase.android,com.sec.android.provider.badge.permission.READ,customized
6562,6562,com.coinbase.android,com.sec.android.provider.badge.permission.WRITE,customized
6565,6565,com.coinbase.android,com.sonyericsson.home.permission.BROADCAST_BADGE,customized
6566,6566,com.coinbase.android,com.sonymobile.home.permission.PROVIDER_INSERT_BADGE,customized
6568,6568,com.coinbase.android,com.majeur.launcher.permission.UPDATE_BADGE,customized
6569,6569,com.coinbase.android,com.huawei.android.launcher.permission.CHANGE_BADGE,customized
6572,6572,com.coinbase.android,android.permission.READ_APP_BADGE,customized
6575,6575,com.coinbase.android,me.everything.badger.permission.BADGE_COUNT_READ,customized
6576,6576,com.coinbase.android,me.everything.badger.permission.BADGE_COUNT_WRITE,customized
6646,6646,com.eofinance,com.sec.android.provider.badge.permission.READ,customized
6647,6647,com.eofinance,com.sec.android.provider.badge.permission.WRITE,customized
6650,6650,com.eofinance,com.sonyericsson.home.permission.BROADCAST_BADGE,customized
6651,6651,com.eofinance,com.sonymobile.home.permission.PROVIDER_INSERT_BADGE,customized
6653,6653,com.eofinance,com.majeur.launcher.permission.UPDATE_BADGE,customized
6654,6654,com.eofinance,com.huawei.android.launcher.permission.CHANGE_BADGE,customized
6682,6682,cash.klever.blockchain.wallet,com.sec.android.provider.badge.permission.READ,customized
6683,6683,cash.klever.blockchain.wallet,com.sec.android.provider.badge.permission.WRITE,customized
6686,6686,cash.klever.blockchain.wallet,com.sonyericsson.home.permission.BROADCAST_BADGE,customized
6687,6687,cash.klever.blockchain.wallet,com.sonymobile.home.permission.PROVIDER_INSERT_BADGE,customized
6689,6689,cash.klever.blockchain.wallet,com.majeur.launcher.permission.UPDATE_BADGE,customized
6690,6690,cash.klever.blockchain.wallet,com.huawei.android.launcher.permission.CHANGE_BADGE,customized
6693,6693,cash.klever.blockchain.wallet,android.permission.READ_APP_BADGE,customized
6696,6696,cash.klever.blockchain.wallet,me.everything.badger.permission.BADGE_COUNT_READ,customized
6697,6697,cash.klever.blockchain.wallet,me.everything.badger.permission.BADGE_COUNT_WRITE,customized
6907,6907,com.bixin.bixin_android,com.huawei.android.launcher.permission.CHANGE_BADGE,customized
6995,6995,capital.spatium.wallet,com.sec.android.provider.badge.permission.READ,customized
6996,6996,capital.spatium.wallet,com.sec.android.provider.badge.permission.WRITE,customized
6999,6999,capital.spatium.wallet,com.sonyericsson.home.permission.BROADCAST_BADGE,customized
7000,7000,capital.spatium.wallet,com.sonymobile.home.permission.PROVIDER_INSERT_BADGE,customized
7002,7002,capital.spatium.wallet,com.majeur.launcher.permission.UPDATE_BADGE,customized
7003,7003,capital.spatium.wallet,com.huawei.android.launcher.permission.CHANGE_BADGE,customized
7006,7006,capital.spatium.wallet,android.permission.READ_APP_BADGE,customized
7009,7009,capital.spatium.wallet,me.everything.badger.permission.BADGE_COUNT_READ,customized
7010,7010,capital.spatium.wallet,me.everything.badger.permission.BADGE_COUNT_WRITE,customized
7062,7062,com.bitpapa,com.sec.android.provider.badge.permission.READ,customized
7063,7063,com.bitpapa,com.sec.android.provider.badge.permission.WRITE,customized
7066,7066,com.bitpapa,com.sonyericsson.home.permission.BROADCAST_BADGE,customized
7067,7067,com.bitpapa,com.sonymobile.home.permission.PROVIDER_INSERT_BADGE,customized
7069,7069,com.bitpapa,com.majeur.launcher.permission.UPDATE_BADGE,customized
7070,7070,com.bitpapa,com.huawei.android.launcher.permission.CHANGE_BADGE,customized
7073,7073,com.bitpapa,android.permission.READ_APP_BADGE,customized
7076,7076,com.bitpapa,me.everything.badger.permission.BADGE_COUNT_READ,customized
7077,7077,com.bitpapa,me.everything.badger.permission.BADGE_COUNT_WRITE,customized
7103,7103,io.hexawallet.hexa,com.sec.android.provider.badge.permission.READ,customized
7104,7104,io.hexawallet.hexa,com.sec.android.provider.badge.permission.WRITE,customized
7107,7107,io.hexawallet.hexa,com.sonyericsson.home.permission.BROADCAST_BADGE,customized
7108,7108,io.hexawallet.hexa,com.sonymobile.home.permission.PROVIDER_INSERT_BADGE,customized
7110,7110,io.hexawallet.hexa,com.majeur.launcher.permission.UPDATE_BADGE,customized
7111,7111,io.hexawallet.hexa,com.huawei.android.launcher.permission.CHANGE_BADGE,customized
7114,7114,io.hexawallet.hexa,android.permission.READ_APP_BADGE,customized
7117,7117,io.hexawallet.hexa,me.everything.badger.permission.BADGE_COUNT_READ,customized
7118,7118,io.hexawallet.hexa,me.everything.badger.permission.BADGE_COUNT_WRITE,customized
7263,7263,com.incognito.wallet,com.sec.android.provider.badge.permission.READ,customized
7264,7264,com.incognito.wallet,com.sec.android.provider.badge.permission.WRITE,customized
7267,7267,com.incognito.wallet,com.sonyericsson.home.permission.BROADCAST_BADGE,customized
7268,7268,com.incognito.wallet,com.sonymobile.home.permission.PROVIDER_INSERT_BADGE,customized
7270,7270,com.incognito.wallet,com.majeur.launcher.permission.UPDATE_BADGE,customized
7271,7271,com.incognito.wallet,com.huawei.android.launcher.permission.CHANGE_BADGE,customized
7274,7274,com.incognito.wallet,android.permission.READ_APP_BADGE,customized
7277,7277,com.incognito.wallet,me.everything.badger.permission.BADGE_COUNT_READ,customized
7278,7278,com.incognito.wallet,me.everything.badger.permission.BADGE_COUNT_WRITE,customized
7303,7303,com.youhodler.youhodler,com.sec.android.provider.badge.permission.READ,customized
7304,7304,com.youhodler.youhodler,com.sec.android.provider.badge.permission.WRITE,customized
7307,7307,com.youhodler.youhodler,com.sonyericsson.home.permission.BROADCAST_BADGE,customized
7308,7308,com.youhodler.youhodler,com.sonymobile.home.permission.PROVIDER_INSERT_BADGE,customized
7310,7310,com.youhodler.youhodler,com.majeur.launcher.permission.UPDATE_BADGE,customized
7311,7311,com.youhodler.youhodler,com.huawei.android.launcher.permission.CHANGE_BADGE,customized
7314,7314,com.youhodler.youhodler,android.permission.READ_APP_BADGE,customized
7317,7317,com.youhodler.youhodler,me.everything.badger.permission.BADGE_COUNT_READ,customized
7318,7318,com.youhodler.youhodler,me.everything.badger.permission.BADGE_COUNT_WRITE,customized
7351,7351,com.neobitcoin.wallet,com.sec.android.provider.badge.permission.READ,customized
7352,7352,com.neobitcoin.wallet,com.sec.android.provider.badge.permission.WRITE,customized
7355,7355,com.neobitcoin.wallet,com.sonyericsson.home.permission.BROADCAST_BADGE,customized
7357,7357,com.neobitcoin.wallet,com.majeur.launcher.permission.UPDATE_BADGE,customized
7442,7442,com.kubi.kucoin,com.sec.android.provider.badge.permission.READ,customized
7443,7443,com.kubi.kucoin,com.sec.android.provider.badge.permission.WRITE,customized
7446,7446,com.kubi.kucoin,com.sonyericsson.home.permission.BROADCAST_BADGE,customized
7447,7447,com.kubi.kucoin,com.sonymobile.home.permission.PROVIDER_INSERT_BADGE,customized
7449,7449,com.kubi.kucoin,com.majeur.launcher.permission.UPDATE_BADGE,customized
7450,7450,com.kubi.kucoin,com.huawei.android.launcher.permission.CHANGE_BADGE,customized
7453,7453,com.kubi.kucoin,android.permission.READ_APP_BADGE,customized
7456,7456,com.kubi.kucoin,me.everything.badger.permission.BADGE_COUNT_READ,customized
7457,7457,com.kubi.kucoin,me.everything.badger.permission.BADGE_COUNT_WRITE,customized
7573,7573,com.trusteewallet,com.sec.android.provider.badge.permission.READ,customized
7574,7574,com.trusteewallet,com.sec.android.provider.badge.permission.WRITE,customized
7577,7577,com.trusteewallet,com.sonyericsson.home.permission.BROADCAST_BADGE,customized
7578,7578,com.trusteewallet,com.sonymobile.home.permission.PROVIDER_INSERT_BADGE,customized
7580,7580,com.trusteewallet,com.majeur.launcher.permission.UPDATE_BADGE,customized
7581,7581,com.trusteewallet,com.huawei.android.launcher.permission.CHANGE_BADGE,customized
7584,7584,com.trusteewallet,android.permission.READ_APP_BADGE,customized
7587,7587,com.trusteewallet,me.everything.badger.permission.BADGE_COUNT_READ,customized
7588,7588,com.trusteewallet,me.everything.badger.permission.BADGE_COUNT_WRITE,customized
7607,7607,com.ezdefi,com.sec.android.provider.badge.permission.READ,customized
7608,7608,com.ezdefi,com.sec.android.provider.badge.permission.WRITE,customized
7611,7611,com.ezdefi,com.sonyericsson.home.permission.BROADCAST_BADGE,customized
7612,7612,com.ezdefi,com.sonymobile.home.permission.PROVIDER_INSERT_BADGE,customized
7614,7614,com.ezdefi,com.majeur.launcher.permission.UPDATE_BADGE,customized
7615,7615,com.ezdefi,com.huawei.android.launcher.permission.CHANGE_BADGE,customized
7618,7618,com.ezdefi,android.permission.READ_APP_BADGE,customized
7621,7621,com.ezdefi,me.everything.badger.permission.BADGE_COUNT_READ,customized
7622,7622,com.ezdefi,me.everything.badger.permission.BADGE_COUNT_WRITE,customized
7667,7667,co.bacoor.android.hbwallet,com.sec.android.provider.badge.permission.READ,customized
7668,7668,co.bacoor.android.hbwallet,com.sec.android.provider.badge.permission.WRITE,customized
7671,7671,co.bacoor.android.hbwallet,com.sonyericsson.home.permission.BROADCAST_BADGE,customized
7672,7672,co.bacoor.android.hbwallet,com.sonymobile.home.permission.PROVIDER_INSERT_BADGE,customized
7674,7674,co.bacoor.android.hbwallet,com.majeur.launcher.permission.UPDATE_BADGE,customized
7675,7675,co.bacoor.android.hbwallet,com.huawei.android.launcher.permission.CHANGE_BADGE,customized
7678,7678,co.bacoor.android.hbwallet,android.permission.READ_APP_BADGE,customized
7681,7681,co.bacoor.android.hbwallet,me.everything.badger.permission.BADGE_COUNT_READ,customized
7682,7682,co.bacoor.android.hbwallet,me.everything.badger.permission.BADGE_COUNT_WRITE,customized
7739,7739,io.bluewallet.bluewallet,com.sec.android.provider.badge.permission.READ,customized
7740,7740,io.bluewallet.bluewallet,com.sec.android.provider.badge.permission.WRITE,customized
7743,7743,io.bluewallet.bluewallet,com.sonyericsson.home.permission.BROADCAST_BADGE,customized
7744,7744,io.bluewallet.bluewallet,com.sonymobile.home.permission.PROVIDER_INSERT_BADGE,customized
7746,7746,io.bluewallet.bluewallet,com.majeur.launcher.permission.UPDATE_BADGE,customized
7747,7747,io.bluewallet.bluewallet,com.huawei.android.launcher.permission.CHANGE_BADGE,customized
7750,7750,io.bluewallet.bluewallet,android.permission.READ_APP_BADGE,customized
7753,7753,io.bluewallet.bluewallet,me.everything.badger.permission.BADGE_COUNT_READ,customized
7754,7754,io.bluewallet.bluewallet,me.everything.badger.permission.BADGE_COUNT_WRITE,customized
7843,7843,com.iMe.android,com.sec.android.provider.badge.permission.READ,customized
7844,7844,com.iMe.android,com.sec.android.provider.badge.permission.WRITE,customized
7847,7847,com.iMe.android,com.sonyericsson.home.permission.BROADCAST_BADGE,customized
7848,7848,com.iMe.android,com.sonymobile.home.permission.PROVIDER_INSERT_BADGE,customized
7850,7850,com.iMe.android,com.majeur.launcher.permission.UPDATE_BADGE,customized
7851,7851,com.iMe.android,com.huawei.android.launcher.permission.CHANGE_BADGE,customized
7854,7854,com.iMe.android,android.permission.READ_APP_BADGE,customized
7857,7857,com.iMe.android,me.everything.badger.permission.BADGE_COUNT_READ,customized
7858,7858,com.iMe.android,me.everything.badger.permission.BADGE_COUNT_WRITE,customized
7906,7906,com.mexcpro.client,com.huawei.android.launcher.permission.CHANGE_BADGE,customized
7936,7936,coin98.crypto.finance.media,com.sec.android.provider.badge.permission.READ,customized
7937,7937,coin98.crypto.finance.media,com.sec.android.provider.badge.permission.WRITE,customized
7940,7940,coin98.crypto.finance.media,com.sonyericsson.home.permission.BROADCAST_BADGE,customized
7941,7941,coin98.crypto.finance.media,com.sonymobile.home.permission.PROVIDER_INSERT_BADGE,customized
7943,7943,coin98.crypto.finance.media,com.majeur.launcher.permission.UPDATE_BADGE,customized
7944,7944,coin98.crypto.finance.media,com.huawei.android.launcher.permission.CHANGE_BADGE,customized
7947,7947,coin98.crypto.finance.media,android.permission.READ_APP_BADGE,customized
7950,7950,coin98.crypto.finance.media,me.everything.badger.permission.BADGE_COUNT_READ,customized
7951,7951,coin98.crypto.finance.media,me.everything.badger.permission.BADGE_COUNT_WRITE,customized
7988,7988,com.aax.exchange,com.huawei.android.launcher.permission.CHANGE_BADGE,customized
8009,8009,io.infinito.wallet,com.sec.android.provider.badge.permission.READ,customized
8010,8010,io.infinito.wallet,com.sec.android.provider.badge.permission.WRITE,customized
8013,8013,io.infinito.wallet,com.sonyericsson.home.permission.BROADCAST_BADGE,customized
8014,8014,io.infinito.wallet,com.sonymobile.home.permission.PROVIDER_INSERT_BADGE,customized
8016,8016,io.infinito.wallet,com.majeur.launcher.permission.UPDATE_BADGE,customized
8017,8017,io.infinito.wallet,com.huawei.android.launcher.permission.CHANGE_BADGE,customized
8020,8020,io.infinito.wallet,android.permission.READ_APP_BADGE,customized
8023,8023,io.infinito.wallet,me.everything.badger.permission.BADGE_COUNT_READ,customized
8024,8024,io.infinito.wallet,me.everything.badger.permission.BADGE_COUNT_WRITE,customized
8164,8164,com.mtpelerin.bridge,com.sec.android.provider.badge.permission.READ,customized
8165,8165,com.mtpelerin.bridge,com.sec.android.provider.badge.permission.WRITE,customized
8168,8168,com.mtpelerin.bridge,com.sonyericsson.home.permission.BROADCAST_BADGE,customized
8169,8169,com.mtpelerin.bridge,com.sonymobile.home.permission.PROVIDER_INSERT_BADGE,customized
8171,8171,com.mtpelerin.bridge,com.majeur.launcher.permission.UPDATE_BADGE,customized
8172,8172,com.mtpelerin.bridge,com.huawei.android.launcher.permission.CHANGE_BADGE,customized
8175,8175,com.mtpelerin.bridge,android.permission.READ_APP_BADGE,customized
8178,8178,com.mtpelerin.bridge,me.everything.badger.permission.BADGE_COUNT_READ,customized
8179,8179,com.mtpelerin.bridge,me.everything.badger.permission.BADGE_COUNT_WRITE,customized
8273,8273,network.celsius.wallet,com.sec.android.provider.badge.permission.READ,customized
8274,8274,network.celsius.wallet,com.sec.android.provider.badge.permission.WRITE,customized
8277,8277,network.celsius.wallet,com.sonyericsson.home.permission.BROADCAST_BADGE,customized
8278,8278,network.celsius.wallet,com.sonymobile.home.permission.PROVIDER_INSERT_BADGE,customized
8280,8280,network.celsius.wallet,com.majeur.launcher.permission.UPDATE_BADGE,customized
8281,8281,network.celsius.wallet,com.huawei.android.launcher.permission.CHANGE_BADGE,customized
8372,8372,com.legendwd.hyperpayW,com.huawei.android.launcher.permission.CHANGE_BADGE,customized
8379,8379,com.legendwd.hyperpayW,com.sec.android.provider.badge.permission.READ,customized
8380,8380,com.legendwd.hyperpayW,com.sec.android.provider.badge.permission.WRITE,customized
8383,8383,com.legendwd.hyperpayW,com.sonyericsson.home.permission.BROADCAST_BADGE,customized
8384,8384,com.legendwd.hyperpayW,com.sonymobile.home.permission.PROVIDER_INSERT_BADGE,customized
8386,8386,com.legendwd.hyperpayW,com.majeur.launcher.permission.UPDATE_BADGE,customized
8389,8389,com.legendwd.hyperpayW,android.permission.READ_APP_BADGE,customized
8392,8392,com.legendwd.hyperpayW,me.everything.badger.permission.BADGE_COUNT_READ,customized
8393,8393,com.legendwd.hyperpayW,me.everything.badger.permission.BADGE_COUNT_WRITE,customized
