app_id,netloc,domain
cash.usdx.wallet,cdn.branch.io,cdn.branch.io
com.dsdaq.mobiletrader,cdn.branch.io,cdn.branch.io
com.emberfund.ember,cdn.branch.io,cdn.branch.io
com.evercoin,cdn.branch.io,cdn.branch.io
com.gemini.android.app,cdn.branch.io,cdn.branch.io
com.lumiwallet.android,cdn.branch.io,cdn.branch.io
com.pint.app,cdn.branch.io,cdn.branch.io
org.toshi,cdn.branch.io,cdn.branch.io
com.dowallet,cdn.branch.io,cdn.branch.io
com.callsfreecalls.android,cdn.branch.io,cdn.branch.io
com.bitcoin.mwallet,cdn.branch.io,cdn.branch.io
com.plutus.wallet,cdn.branch.io,cdn.branch.io
network.celsius.wallet,cdn.branch.io,cdn.branch.io
com.app.asbazar59,googleads.g.doubleclick.net,googleads.g.doubleclick.net
com.bcoiner.webviewapp,googleads.g.doubleclick.net,googleads.g.doubleclick.net
com.bitpay.wallet,googleads.g.doubleclick.net,googleads.g.doubleclick.net
com.blockfi.mobile,googleads.g.doubleclick.net,googleads.g.doubleclick.net
com.caramba.StellarWallet,googleads.g.doubleclick.net,googleads.g.doubleclick.net
com.czprime,googleads.g.doubleclick.net,googleads.g.doubleclick.net
com.qubris.freecryptofaucet,googleads.g.doubleclick.net,googleads.g.doubleclick.net
com.silvercoinvaluerpro,googleads.g.doubleclick.net,googleads.g.doubleclick.net
com.yamishibai.easycryptowallet123,googleads.g.doubleclick.net,googleads.g.doubleclick.net
latoken.kucoin.trustapp.zebpay.coinmarketcap.coindcx,googleads.g.doubleclick.net,googleads.g.doubleclick.net
net.bitcoinrevolution.bitcoin.cash.wallet,googleads.g.doubleclick.net,googleads.g.doubleclick.net
org.cryptoblastersltd.bitcoin.wallet.account,googleads.g.doubleclick.net,googleads.g.doubleclick.net
starlab.studios.cryptowallet,googleads.g.doubleclick.net,googleads.g.doubleclick.net
hodl.group.xrpio,googleads.g.doubleclick.net,googleads.g.doubleclick.net
com.thinkdevs.cryptomarket,googleads.g.doubleclick.net,googleads.g.doubleclick.net
io.crypto.wallet.bitcoin.ethereum.medooza.wallet,googleads.g.doubleclick.net,googleads.g.doubleclick.net
com.simple.crypto.wallet,googleads.g.doubleclick.net,googleads.g.doubleclick.net
com.lynengine.beautycryptowallet,googleads.g.doubleclick.net,googleads.g.doubleclick.net
com.caramba.RippleWallet,googleads.g.doubleclick.net,googleads.g.doubleclick.net
com.kipcoinProject.kipcoinwallet,googleads.g.doubleclick.net,googleads.g.doubleclick.net
com.inigma.wallet,googleads.g.doubleclick.net,googleads.g.doubleclick.net
com.paymintlabs.paymint,googleads.g.doubleclick.net,googleads.g.doubleclick.net
org.coinid.wallet.btc,googleads.g.doubleclick.net,googleads.g.doubleclick.net
io.infinito.wallet,googleads.g.doubleclick.net,googleads.g.doubleclick.net
com.midasprotocol.wallet.android,googleads.g.doubleclick.net,googleads.g.doubleclick.net
com.atomicwallet.newapp.safe,api.telegram.org,api.telegram.org
com.trusteewallet,api.telegram.org,api.telegram.org
com.bcoiner.webviewapp,www.youtube.com,www.youtube.com
io.crypto.wallet.bitcoin.ethereum.medooza.wallet,www.youtube.com,www.youtube.com
doge.org.freewallet.app,www.youtube.com,www.youtube.com
com.inigma.wallet,www.youtube.com,www.youtube.com
com.bcoiner.webviewapp,tags.bluekai.com,tags.bluekai.com
com.bitpay.wallet,static.zdassets.com,static.zdassets.com
net.iconomi.android,static.zdassets.com,static.zdassets.com
com.bitpapa,static.zdassets.com,static.zdassets.com
com.bitpay.wallet,widget-mediator.zopim.com,widget-mediator.zopim.com
com.bitpapa,widget-mediator.zopim.com,widget-mediator.zopim.com
com.blockfi.mobile,storage.googleapis.com,storage.googleapis.com
com.net_cents.netcents2,storage.googleapis.com,storage.googleapis.com
com.sencoinex.android,storage.googleapis.com,storage.googleapis.com
org.qbita.bitcoin_wallet,storage.googleapis.com,storage.googleapis.com
tech.vontech.blockchain.jetoken,storage.googleapis.com,storage.googleapis.com
com.atlas.mobile.wallet,storage.googleapis.com,storage.googleapis.com
io.rapids.network.wallet,storage.googleapis.com,storage.googleapis.com
com.midasprotocol.wallet.android,storage.googleapis.com,storage.googleapis.com
com.greenaddress.greenbits_android_wallet,storage.googleapis.com,storage.googleapis.com
com.coindeal,accounts.google.com,accounts.google.com
com.czprime,accounts.google.com,accounts.google.com
com.maicoin.max,accounts.google.com,accounts.google.com
com.nexowallet,accounts.google.com,accounts.google.com
com.payplux,accounts.google.com,accounts.google.com
com.plasmapay.androidapp,accounts.google.com,accounts.google.com
com.sculptech.dtrax,accounts.google.com,accounts.google.com
io.exaking.starter,accounts.google.com,accounts.google.com
io.uun.clet,accounts.google.com,accounts.google.com
com.bitbar.androidwallet,accounts.google.com,accounts.google.com
com.fluttercoin.androidwallet,accounts.google.com,accounts.google.com
com.bitcoin.wallet.cryptopuce,accounts.google.com,accounts.google.com
bcc.org.freewallet.app,accounts.google.com,accounts.google.com
com.skycoin.wallet,accounts.google.com,accounts.google.com
lt.spectrofinance.spectrocoin.android.wallet,accounts.google.com,accounts.google.com
everex.transfer,accounts.google.com,accounts.google.com
bitmesh.volt.wallet,accounts.google.com,accounts.google.com
com.paymintlabs.paymint,accounts.google.com,accounts.google.com
io.rapids.network.wallet,accounts.google.com,accounts.google.com
cash.klever.blockchain.wallet,accounts.google.com,accounts.google.com
com.bitpapa,accounts.google.com,accounts.google.com
com.aax.exchange,accounts.google.com,accounts.google.com
com.coinpay,s3.us-west-2.amazonaws.com,s3.us-west-2.amazonaws.com
com.czprime,adservice.google.com,adservice.google.com
net.bitcoinrevolution.bitcoin.cash.wallet,adservice.google.com,adservice.google.com
org.cryptoblastersltd.bitcoin.wallet.account,adservice.google.com,adservice.google.com
starlab.studios.cryptowallet,adservice.google.com,adservice.google.com
hodl.group.xrpio,adservice.google.com,adservice.google.com
com.bitcoinscrypt.androidwallet,adservice.google.com,adservice.google.com
com.bitcoin.wallet.cryptopuce,adservice.google.com,adservice.google.com
app.codecellar.embitwallet,adservice.google.com,adservice.google.com
org.coinid.wallet.tgrs,adservice.google.com,adservice.google.com
com.czprime,encrypted-tbn0.gstatic.com,encrypted-tbn0.gstatic.com
com.bitcoin.wallet.cryptopuce,encrypted-tbn0.gstatic.com,encrypted-tbn0.gstatic.com
com.node.coindirect,t.co,t.co
com.yamishibai.easycryptowallet123,t.co,t.co
net.bitcoinrevolution.bitcoin.cash.wallet,heavyways.com,heavyways.com
net.tendancesbitcoin.free.bitcoin.bch.wallet,heavyways.com,heavyways.com
org.cryptoblastersltd.bitcoin.wallet.account,heavyways.com,heavyways.com
org.cryptoforecast.free.bitcoin.cash.wallet.app,heavyways.com,heavyways.com
org.cryptosignals.bitcoin.free.wallet,heavyways.com,heavyways.com
org.cryptosignals.bitcoin.free.wallet1,heavyways.com,heavyways.com
org.cryptosignals.free.bitcoin.cash.wallet,heavyways.com,heavyways.com
com.Bitplicity.Bitplicityapp,sibautomation.com,sibautomation.com
za.co.rockwallet,res.cloudinary.com,res.cloudinary.com
com.paytomat,s3.amazonaws.com,s3.amazonaws.com
com.bitlox.mobilewallet,s3.amazonaws.com,s3.amazonaws.com
com.liberty.jaxx,s3.amazonaws.com,s3.amazonaws.com
io.infinito.wallet,s3.amazonaws.com,s3.amazonaws.com
eth.org.freewallet.app,s3-us-west-2.amazonaws.com,s3-us-west-2.amazonaws.com
com.lkrcoin.wallet,raw.githubusercontent.com,raw.githubusercontent.com
com.atlas.mobile.wallet,raw.githubusercontent.com,raw.githubusercontent.com
com.ezdefi,raw.githubusercontent.com,raw.githubusercontent.com
com.midasprotocol.wallet.android,raw.githubusercontent.com,raw.githubusercontent.com
network.celsius.wallet,raw.githubusercontent.com,raw.githubusercontent.com
app.elaphant.wallets,raw.githubusercontent.com,raw.githubusercontent.com
com.bitlox.mobilewallet,api.livechatinc.com,api.livechatinc.com
com.zelcash.zelcore,prism.app-us1.com,prism.app-us1.com
io.rapids.network.wallet,redirector.gvt1.com,redirector.gvt1.com
org.coinid.wallet.btc,static1.squarespace.com,static1.squarespace.com
com.theblockchain.coinus.wallet,s3.ap-northeast-2.amazonaws.com,s3.ap-northeast-2.amazonaws.com
io.infinito.wallet,paxful.com,paxful.com
com.bitshield.bitshieldwallet,gist.githubusercontent.com,gist.githubusercontent.com
jp.co.smartapp.gowallet,s3-ap-northeast-1.amazonaws.com,s3-ap-northeast-1.amazonaws.com
